user_supplied_name,submitted_name,data_source_title,score,matched_name2
Acipenser fulvescens,Acipenser fulvescens,FishBase,0.988,Acipenser fulvescens
Acipenser oxyrinchus,Acipenser oxyrinchus,FishBase,0.988,Acipenser oxyrinchus
Alosa pseudoharengus,Alosa pseudoharengus,FishBase,0.988,Alosa pseudoharengus
Alosa sapidissima,Alosa sapidissima,FishBase,0.988,Alosa sapidissima
Ameiurus nebulosus,Ameiurus nebulosus,FishBase,0.988,Ameiurus nebulosus
Amia calva,Amia calva,FishBase,0.988,Amia calva
Anguilla rostrata,Anguilla rostrata,FishBase,0.988,Anguilla rostrata
Anoplopoma fimbria,Anoplopoma fimbria,FishBase,0.988,Anoplopoma fimbria
Aplodinotus grunniens,Aplodinotus grunniens,FishBase,0.988,Aplodinotus grunniens
Boreogadus saida,Boreogadus saida,FishBase,0.988,Boreogadus saida
Brevoortia tyrannus,Brevoortia tyrannus,FishBase,0.988,Brevoortia tyrannus
Carassius auratus,Carassius auratus,FishBase,0.988,Carassius auratus
Catostomus catostomus,Catostomus catostomus,FishBase,0.988,Catostomus catostomus
Catostomus commersonii,Catostomus commersonii,FishBase,0.988,Catostomus commersonii
Centropristis striata,Centropristis striata,FishBase,0.988,Centropristis striata
Clupea harengus,Clupea harengus,FishBase,0.988,Clupea harengus
Clupea pallasii pallasii,Clupea pallasii pallasii,FishBase,0.999,Clupea pallasii pallasii
Coregonus artedi,Coregonus artedi,FishBase,0.988,Coregonus artedi
Coregonus clupeaformis,Coregonus clupeaformis,FishBase,0.988,Coregonus clupeaformis
Coregonus nasus,Coregonus nasus,FishBase,0.988,Coregonus nasus
Couesius plumbeus,Couesius plumbeus,FishBase,0.988,Couesius plumbeus
Cyclopterus lumpus,Cyclopterus lumpus,FishBase,0.988,Cyclopterus lumpus
Cyprinus carpio,Cyprinus carpio,FishBase,0.988,Cyprinus carpio
Dallia pectoralis,Dallia pectoralis,FishBase,0.988,Dallia pectoralis
Eleginus gracilis,Eleginus gracilis,FishBase,0.988,Eleginus gracilis
Esox lucius,Esox lucius,FishBase,0.988,Esox lucius
Gadus macrocephalus,Gadus macrocephalus,FishBase,0.988,Gadus macrocephalus
Gadus morhua,Gadus morhua,FishBase,0.988,Gadus morhua
Hippoglossus hippoglossus,Hippoglossus hippoglossus,FishBase,0.988,Hippoglossus hippoglossus
Hippoglossus stenolepis,Hippoglossus stenolepis,FishBase,0.988,Hippoglossus stenolepis
Hypomesus olidus,Hypomesus olidus,FishBase,0.988,Hypomesus olidus
Ictalurus punctatus,Ictalurus punctatus,FishBase,0.988,Ictalurus punctatus
Lepidopsetta bilineata,Lepidopsetta bilineata,FishBase,0.988,Lepidopsetta bilineata
Lota lota,Lota lota,FishBase,0.988,Lota lota
Mallotus villosus,Mallotus villosus,FishBase,0.988,Mallotus villosus
Melanogrammus aeglefinus,Melanogrammus aeglefinus,FishBase,0.988,Melanogrammus aeglefinus
Merluccius productus,Merluccius productus,FishBase,0.988,Merluccius productus
Microgadus tomcod,Microgadus tomcod,FishBase,0.988,Microgadus tomcod
Micropogonias undulatus,Micropogonias undulatus,FishBase,0.988,Micropogonias undulatus
Microstomus pacificus,Microstomus pacificus,FishBase,0.988,Microstomus pacificus
Morone saxatilis,Morone saxatilis,FishBase,0.988,Morone saxatilis
Mugil cephalus,Mugil cephalus,FishBase,0.988,Mugil cephalus
Myoxocephalus scorpius,Myoxocephalus scorpius,FishBase,0.988,Myoxocephalus scorpius
Notropis hudsonius,Notropis hudsonius,FishBase,0.988,Notropis hudsonius
Oncorhynchus gorbuscha,Oncorhynchus gorbuscha,FishBase,0.988,Oncorhynchus gorbuscha
Oncorhynchus keta,Oncorhynchus keta,FishBase,0.988,Oncorhynchus keta
Oncorhynchus kisutch,Oncorhynchus kisutch,FishBase,0.988,Oncorhynchus kisutch
Oncorhynchus mykiss,Oncorhynchus mykiss,FishBase,0.988,Oncorhynchus mykiss
Oncorhynchus nerka,Oncorhynchus nerka,FishBase,0.988,Oncorhynchus nerka
Oncorhynchus tshawytscha,Oncorhynchus tshawytscha,FishBase,0.988,Oncorhynchus tshawytscha
Ophiodon elongatus,Ophiodon elongatus,FishBase,0.988,Ophiodon elongatus
Osmerus mordax,Osmerus mordax,FishBase,0.988,Osmerus mordax
Parophrys vetulus,Parophrys vetulus,FishBase,0.988,Parophrys vetulus
Perca flavescens,Perca flavescens,FishBase,0.988,Perca flavescens
Platichthys stellatus,Platichthys stellatus,FishBase,0.988,Platichthys stellatus
Pomatomus saltatrix,Pomatomus saltatrix,FishBase,0.988,Pomatomus saltatrix
Pseudopleuronectes americanus,Pseudopleuronectes americanus,FishBase,0.988,Pseudopleuronectes americanus
Pungitius pungitius,Pungitius pungitius,FishBase,0.988,Pungitius pungitius
Salmo salar,Salmo salar,FishBase,0.988,Salmo salar
Salmo trutta,Salmo trutta,FishBase,0.988,Salmo trutta
Salvelinus alpinus,Salvelinus alpinus,FishBase,0.988,Salvelinus alpinus
Salvelinus fontinalis,Salvelinus fontinalis,FishBase,0.988,Salvelinus fontinalis
Salvelinus malma,Salvelinus malma,FishBase,0.988,Salvelinus malma
Salvelinus namaycush,Salvelinus namaycush,FishBase,0.988,Salvelinus namaycush
Scomber scombrus,Scomber scombrus,FishBase,0.988,Scomber scombrus
Sebastes flavidus,Sebastes flavidus,FishBase,0.988,Sebastes flavidus
Sebastes norvegicus,Sebastes norvegicus,FishBase,0.988,Sebastes norvegicus
Sebastes pinniger,Sebastes pinniger,FishBase,0.988,Sebastes pinniger
Somniosus microcephalus,Somniosus microcephalus,FishBase,0.988,Somniosus microcephalus
Squalus acanthias,Squalus acanthias,FishBase,0.988,Squalus acanthias
Stenodus leucichthys,Stenodus leucichthys,FishBase,0.988,Stenodus leucichthys
Thaleichthys pacificus,Thaleichthys pacificus,FishBase,0.988,Thaleichthys pacificus
Thunnus alalunga,Thunnus alalunga,FishBase,0.988,Thunnus alalunga
Thunnus thynnus,Thunnus thynnus,FishBase,0.988,Thunnus thynnus
Thymallus arcticus,Thymallus arcticus,FishBase,0.988,Thymallus arcticus
Barbonymus goniontus,Barbonymus goniontus,FishBase,0.75,Barbonymus gonionotus
Oreochromis niloticus,Oreochromis niloticus,FishBase,0.988,Oreochromis niloticus
Pangasius hypophthalamus,Pangasius hypophthalamus,FishBase,0.75,Pangasius hypophthalmus
Clarias macrocephalus,Clarias macrocephalus,FishBase,0.988,Clarias macrocephalus
Channa striata,Channa striata,FishBase,0.988,Channa striata
Monopterus albus,Monopterus albus,FishBase,0.988,Monopterus albus
Lates calcarifer,Lates calcarifer,FishBase,0.988,Lates calcarifer
Lutjanus malabaricus,Lutjanus malabaricus,FishBase,0.988,Lutjanus malabaricus
Epinephelus sexfasciatus,Epinephelus sexfasciatus,FishBase,0.988,Epinephelus sexfasciatus
Scomberomorus commerson,Scomberomorus commerson,FishBase,0.988,Scomberomorus commerson
Seriolina nigrofasciata,Seriolina nigrofasciata,FishBase,0.988,Seriolina nigrofasciata
Parastromateus niger,Parastromateus niger,FishBase,0.988,Parastromateus niger
Rastrelliger brachysoma,Rastrelliger brachysoma,FishBase,0.988,Rastrelliger brachysoma
Pampus argenteus,Pampus argenteus,FishBase,0.988,Pampus argenteus
Perca fluviatilis,Perca fluviatilis,FishBase,0.988,Perca fluviatilis
Sander lucioperca,Sander lucioperca,FishBase,0.988,Sander lucioperca
Pinirampus pinirampu,Pinirampus pinirampu,FishBase,0.75,Pinirampus pirinampu
Pinirampus pinirampu,Pinirampus pinirampu,FishBase,0.75,Pinirampus pirinampus
Paulicea luetkeni,Paulicea luetkeni,FishBase,0.988,Paulicea luetkeni
Sorubim lima,Sorubim lima,FishBase,0.988,Sorubim lima
Hemisorubim platyrhynchos,Hemisorubim platyrhynchos,FishBase,0.988,Hemisorubim platyrhynchos
Pimelodus maculatus,Pimelodus maculatus,FishBase,0.988,Pimelodus maculatus
Ageneiosus brevifilis,Ageneiosus brevifilis,FishBase,0.988,Ageneiosus brevifilis
Macrourus berglax,Macrourus berglax,FishBase,0.988,Macrourus berglax
Mora moro,Mora moro,FishBase,0.988,Mora moro
Centroscymnus coelolepis,Centroscymnus coelolepis,FishBase,0.988,Centroscymnus coelolepis
Centroscyllium fabricii,Centroscyllium fabricii,FishBase,0.988,Centroscyllium fabricii
Centrophorus squamosus,Centrophorus squamosus,FishBase,0.988,Centrophorus squamosus
Etmopterus princeps,Etmopterus princeps,FishBase,0.988,Etmopterus princeps
Hydrolagus affinis,Hydrolagus affinis,FishBase,0.988,Hydrolagus affinis
Deania calceus,Deania calceus,FishBase,0.988,Deania calceus
Alepocephalus bairdii,Alepocephalus bairdii,FishBase,0.988,Alepocephalus bairdii
Silurus glanis,Silurus glanis,FishBase,0.988,Silurus glanis
Notothenia neglecta,Notothenia neglecta,FishBase,0.988,Notothenia neglecta
Notothenia gibberifrons,Notothenia gibberifrons,FishBase,0.988,Notothenia gibberifrons
Chaenocephalus aceratus,Chaenocephalus aceratus,FishBase,0.988,Chaenocephalus aceratus
Champsocephalus gunnari,Champsocephalus gunnari,FishBase,0.988,Champsocephalus gunnari
Pseudoplatystoma fasciatum,Pseudoplatystoma fasciatum,FishBase,0.988,Pseudoplatystoma fasciatum
Lates niloticus,Lates niloticus,FishBase,0.988,Lates niloticus
Protopterus aethiopicus,Protopterus aethiopicus,FishBase,0.988,Protopterus aethiopicus
Clarias gariepinus,Clarias gariepinus,FishBase,0.988,Clarias gariepinus
Bagrus docmak,Bagrus docmak,FishBase,0.988,Bagrus docmak
Tilapia zilli,Tilapia zilli,FishBase,0.988,Tilapia zilli
Aphanopus carbo,Aphanopus carbo,FishBase,0.988,Aphanopus carbo
Rutilus rutilus,Rutilus rutilus,FishBase,0.988,Rutilus rutilus
Abramis brama,Abramis brama,FishBase,0.988,Abramis brama
Coregonus albula,Coregonus albula,FishBase,0.988,Coregonus albula
Rutilus frisii,Rutilus frisii,FishBase,0.988,Rutilus frisii
Liza aurata,Liza aurata,FishBase,0.988,Liza aurata
Clupeonella cultriventris,Clupeonella cultriventris,FishBase,0.988,Clupeonella cultriventris
Rastrineobola argentea,Rastrineobola argentea,FishBase,0.988,Rastrineobola argentea
Albatrossia pectoralis,Albatrossia pectoralis,FishBase,0.988,Albatrossia pectoralis
Atheresthes stomias,Atheresthes stomias,FishBase,0.988,Atheresthes stomias
Theragra chalcogramma,Theragra chalcogramma,FishBase,0.988,Theragra chalcogramma
Aspius aspius,Aspius aspius,FishBase,0.988,Aspius aspius
Carassius carassius,Carassius carassius,FishBase,0.988,Carassius carassius
Leuciscus cephalus,Leuciscus cephalus,FishBase,0.988,Leuciscus cephalus
Leuciscus idus,Leuciscus idus,FishBase,0.988,Leuciscus idus
Chondrostoma nasus,Chondrostoma nasus,FishBase,0.988,Chondrostoma nasus
Scardinius erythrophthalmus,Scardinius erythrophthalmus,FishBase,0.988,Scardinius erythrophthalmus
tinca tinca,Tinca tinca,FishBase,0.988,Tinca tinca
Clarias batrachus,Clarias batrachus,FishBase,0.988,Clarias batrachus
Heteropneustes fossilis,Heteropneustes fossilis,FishBase,0.988,Heteropneustes fossilis
Anabas testudineus,Anabas testudineus,FishBase,0.988,Anabas testudineus
Notopterus notopterus,Notopterus notopterus,FishBase,0.988,Notopterus notopterus
Nandus nandus,Nandus nandus,FishBase,0.988,Nandus nandus
Channa punctata,Channa punctata,FishBase,0.988,Channa punctata
Mystus vittatus,Mystus vittatus,FishBase,0.988,Mystus vittatus
Coregonus macrophthalmus,Coregonus macrophthalmus,FishBase,0.988,Coregonus macrophthalmus
Mormyrus rume,Mormyrus rume,FishBase,0.988,Mormyrus rume
Hyperoglyphe antarctica,Hyperoglyphe antarctica,FishBase,0.988,Hyperoglyphe antarctica
Odax pullus,Odax pullus,FishBase,0.988,Odax pullus
Hyporhamphus ihi,Hyporhamphus ihi,FishBase,0.988,Hyporhamphus ihi
Polyprion oxygeneios,Polyprion oxygeneios,FishBase,0.988,Polyprion oxygeneios
Arripis trutta,Arripis trutta,FishBase,0.988,Arripis trutta
Mustelus lenticulatus,Mustelus lenticulatus,FishBase,0.988,Mustelus lenticulatus
Sardina pilchardus,Sardina pilchardus,FishBase,0.988,Sardina pilchardus
Dicentrarchus labrax,Dicentrarchus labrax,FishBase,0.988,Dicentrarchus labrax
Trachurus mediterraneus,Trachurus mediterraneus,FishBase,0.988,Trachurus mediterraneus
Etrumeus teres,Etrumeus teres,FishBase,0.988,Etrumeus teres
Chelidonichthyus lucernus,Chelidonichthyus lucernus,FishBase,0.75,Chelidonichthys lucernus
Chelidonichthyus lucernus,Chelidonichthyus lucernus,FishBase,0.75,Chlidonichthys lucernus
Chelidonichthyus lucernus,Chelidonichthyus lucernus,FishBase,0.75,Chelidonichthys lucerna
Euthynnus alletteratus,Euthynnus alletteratus,FishBase,0.988,Euthynnus alletteratus
Thunnus orientalis,Thunnus orientalis,FishBase,0.988,Thunnus orientalis
Engraulis encrasicolus,Engraulis encrasicolus,FishBase,0.988,Engraulis encrasicolus
Sprattus sprattus,Sprattus sprattus,FishBase,0.988,Sprattus sprattus
Merlangius merlangus,Merlangius merlangus,FishBase,0.988,Merlangius merlangus
Mullus barbatus,Mullus barbatus,FishBase,0.988,Mullus barbatus
Belone belone,Belone belone,FishBase,0.988,Belone belone
Alosa alosa,Alosa alosa,FishBase,0.988,Alosa alosa
Spicara smaris,Spicara smaris,FishBase,0.988,Spicara smaris
Sarda sarda,Sarda sarda,FishBase,0.988,Sarda sarda
Sardinella maderensis,Sardinella maderensis,FishBase,0.988,Sardinella maderensis
Sardinella aurita,Sardinella aurita,FishBase,0.988,Sardinella aurita
Cephalopholis taeniops,Cephalopholis taeniops,FishBase,0.988,Cephalopholis taeniops
Hypomesus pretious,Hypomesus pretious,FishBase,0.75,Hypomesus pretiosus
Oncorhynchus gorbusha,Oncorhynchus gorbusha,FishBase,0.75,Oncorhynchus gorbuscha
Sardinops sagax,Sardinops sagax,FishBase,0.988,Sardinops sagax
Clupea pallasi,Clupea pallasi,FishBase,0.988,Clupea pallasi
Dentex dentex,Dentex dentex,FishBase,0.988,Dentex dentex
Sciaena umbra,Sciaena umbra,FishBase,0.988,Sciaena umbra
Diplodus puntazzo,Diplodus puntazzo,FishBase,0.988,Diplodus puntazzo
Scomber japonicus,Scomber japonicus,FishBase,0.988,Scomber japonicus
Merluccius merluccius,Merluccius merluccius,FishBase,0.988,Merluccius merluccius
Scorppaena scrofa,Scorppaena scrofa,FishBase,0.75,Scorpaena scrofa
Scorpaena porcus,Scorpaena porcus,FishBase,0.988,Scorpaena porcus
Boops boops,Boops boops,FishBase,0.988,Boops boops
Pagelius erythrinus,Pagelius erythrinus,FishBase,0.75,Pagellus erythrinus
Scorpaena scrofa,Scorpaena scrofa,FishBase,0.988,Scorpaena scrofa
Solea solea,Solea solea,FishBase,0.988,Solea solea
Alectis alexandrinus,Alectis alexandrinus,FishBase,0.988,Alectis alexandrinus
Aspitrigla cuculus,Aspitrigla cuculus,FishBase,0.988,Aspitrigla cuculus
Sarpa salpa,Sarpa salpa,FishBase,0.988,Sarpa salpa
Bothus podus,Bothus podus,FishBase,0.75,Bothus podas
Caranx crysos,Caranx crysos,FishBase,0.988,Caranx crysos
Chelon labrosus,Chelon labrosus,FishBase,0.988,Chelon labrosus
Diplodus annularis,Diplodus annularis,FishBase,0.988,Diplodus annularis
Diplodus vulgaris,Diplodus vulgaris,FishBase,0.988,Diplodus vulgaris
Echelus myrus,Echelus myrus,FishBase,0.988,Echelus myrus
Epinephelus coioides,Epinephelus coioides,FishBase,0.988,Epinephelus coioides
Helicolenus dacthlopterus,Helicolenus dacthlopterus,FishBase,0.75,Helicolenus dactylopterus
Lagocepahlus lagocephalus,Lagocepahlus lagocephalus,FishBase,0.75,Lagocephalus lagocephalus
Lithognathus mormyrus,Lithognathus mormyrus,FishBase,0.988,Lithognathus mormyrus
Liza ramada,Liza ramada,FishBase,0.988,Liza ramada
Liza saliens,Liza saliens,FishBase,0.988,Liza saliens
Lophius budegassa,Lophius budegassa,FishBase,0.988,Lophius budegassa
Mycteroperca rubra,Mycteroperca rubra,FishBase,0.988,Mycteroperca rubra
Pagrus caeruleosticuts,Pagrus caeruleosticuts,FishBase,0.75,Pagrus caeruleostictus
Pagrus caeruleosticuts,Pagrus caeruleosticuts,FishBase,0.75,Pagrus coeruleostictus
Solea lascaris,Solea lascaris,FishBase,0.988,Solea lascaris
Phycis phycis,Phycis phycis,FishBase,0.988,Phycis phycis
Saurida undosquamis,Saurida undosquamis,FishBase,0.988,Saurida undosquamis
Sillago sihama,Sillago sihama,FishBase,0.988,Sillago sihama
Sphyraena chrysotaenia,Sphyraena chrysotaenia,FishBase,0.988,Sphyraena chrysotaenia
Sphyraena sphyraena,Sphyraena sphyraena,FishBase,0.988,Sphyraena sphyraena
Spicara maena,Spicara maena,FishBase,0.988,Spicara maena
Trachinotus ovatus,Trachinotus ovatus,FishBase,0.988,Trachinotus ovatus
Umbrina cirrosa,Umbrina cirrosa,FishBase,0.988,Umbrina cirrosa
Upeneus moluccensis,Upeneus moluccensis,FishBase,0.988,Upeneus moluccensis
Trachurus trachurus,Trachurus trachurus,FishBase,0.988,Trachurus trachurus
Limanda aspera,Limanda aspera,FishBase,0.988,Limanda aspera
Pagellus bogaraveo,Pagellus bogaraveo,FishBase,0.988,Pagellus bogaraveo
Psetta maxima,Psetta maxima,FishBase,0.988,Psetta maxima
Sarda orientalis,Sarda orientalis,FishBase,0.988,Sarda orientalis
Spondyliosoma cantharus,Spondyliosoma cantharus,FishBase,0.988,Spondyliosoma cantharus
Zeus faber,Zeus faber,FishBase,0.988,Zeus faber
Anguilla anguilla,Anguilla anguilla,FishBase,0.988,Anguilla anguilla
Phycis blennoides,Phycis blennoides,FishBase,0.988,Phycis blennoides
Pagrus auratus,Pagrus auratus,FishBase,0.988,Pagrus auratus
Chelidonichthys lucerna,Chelidonichthys lucerna,FishBase,0.988,Chelidonichthys lucerna
Atrobucca nibe,Atrobucca nibe,FishBase,0.988,Atrobucca nibe
Sparisoma cretense,Sparisoma cretense,FishBase,0.988,Sparisoma cretense
Trisopterus minutus,Trisopterus minutus,FishBase,0.988,Trisopterus minutus
Oblada melanura,Oblada melanura,FishBase,0.988,Oblada melanura
Arnoglossus laterna,Arnoglossus laterna,FishBase,0.988,Arnoglossus laterna
Katsuwonus pelamis,Katsuwonus pelamis,FishBase,0.988,Katsuwonus pelamis
Somber japonicus,Somber japonicus,FishBase,0.75,Scomber japonicus
Patagonotothen ramsayi,Patagonotothen ramsayi,FishBase,0.988,Patagonotothen ramsayi
Siganus rivulatus,Siganus rivulatus,FishBase,0.988,Siganus rivulatus
Diplodus sargus,Diplodus sargus,FishBase,0.988,Diplodus sargus
Megalaspis cordyla,Megalaspis cordyla,FishBase,0.988,Megalaspis cordyla
Rastrelliger kanagurta,Rastrelliger kanagurta,FishBase,0.988,Rastrelliger kanagurta
Chirocentrus dorab,Chirocentrus dorab,FishBase,0.988,Chirocentrus dorab
Selaroides leptolepis,Selaroides leptolepis,FishBase,0.988,Selaroides leptolepis
Eleutheronema tetradactylum,Eleutheronema tetradactylum,FishBase,0.988,Eleutheronema tetradactylum
Sardinella fimbriata,Sardinella fimbriata,FishBase,0.988,Sardinella fimbriata
Scomberomorus guttatus,Scomberomorus guttatus,FishBase,0.988,Scomberomorus guttatus
Tenualosa macrura,Tenualosa macrura,FishBase,0.988,Tenualosa macrura
Lutjanus johnii,Lutjanus johnii,FishBase,0.988,Lutjanus johnii
Nemipterus japonicus,Nemipterus japonicus,FishBase,0.988,Nemipterus japonicus
Leptomelanosoma indicum,Leptomelanosoma indicum,FishBase,0.988,Leptomelanosoma indicum
Lutjanus argentimaculatus,Lutjanus argentimaculatus,FishBase,0.988,Lutjanus argentimaculatus
Trachinotus blochii,Trachinotus blochii,FishBase,0.988,Trachinotus blochii
Cynoglossus arel,Cynoglossus arel,FishBase,0.988,Cynoglossus arel
Coregonus lavaretus,Coregonus lavaretus,FishBase,0.988,Coregonus lavaretus
Pogonias cromis,Pogonias cromis,FishBase,0.988,Pogonias cromis
Menticirrhus americanus,Menticirrhus americanus,FishBase,0.988,Menticirrhus americanus
Macrodon ancylodon,Macrodon ancylodon,FishBase,0.988,Macrodon ancylodon
Parona signata,Parona signata,FishBase,0.988,Parona signata
Micorpogonias furnieri,Micorpogonias furnieri,FishBase,0.75,Micropogonias furnieri
Huso huso,Huso huso,FishBase,0.988,Huso huso
Oreochromis macrochir,Oreochromis macrochir,FishBase,0.988,Oreochromis macrochir
Tilapia rendalli,Tilapia rendalli,FishBase,0.988,Tilapia rendalli
Mullus surmuletus,Mullus surmuletus,FishBase,0.988,Mullus surmuletus
Pagellus erythrinus,Pagellus erythrinus,FishBase,0.988,Pagellus erythrinus
Pagrus caeruleostictus,Pagrus caeruleostictus,FishBase,0.988,Pagrus caeruleostictus
Dentex maroccanus,Dentex maroccanus,FishBase,0.988,Dentex maroccanus
Epinephelus aeneus,Epinephelus aeneus,FishBase,0.988,Epinephelus aeneus
Serranus scriba,Serranus scriba,FishBase,0.988,Serranus scriba
Lophius piscatorius,Lophius piscatorius,FishBase,0.988,Lophius piscatorius
Scophthalmus rhombus,Scophthalmus rhombus,FishBase,0.988,Scophthalmus rhombus
Platichthys flesus,Platichthys flesus,FishBase,0.988,Platichthys flesus
Microstomus kitt,Microstomus kitt,FishBase,0.988,Microstomus kitt
Molva molva,Molva molva,FishBase,0.988,Molva molva
Molva dypterygia,Molva dypterygia,FishBase,0.988,Molva dypterygia
Pleuronectes platessa,Pleuronectes platessa,FishBase,0.988,Pleuronectes platessa
Pollachius pollachius,Pollachius pollachius,FishBase,0.988,Pollachius pollachius
Brosme brosme,Brosme brosme,FishBase,0.988,Brosme brosme
Micromesistius poutassou,Micromesistius poutassou,FishBase,0.988,Micromesistius poutassou
Eutrigla gurnardus,Eutrigla gurnardus,FishBase,0.988,Eutrigla gurnardus
Lepidorhombus whiffiagonis,Lepidorhombus whiffiagonis,FishBase,0.988,Lepidorhombus whiffiagonis
Sebastes viviparus,Sebastes viviparus,FishBase,0.988,Sebastes viviparus
Sebastes mentella,Sebastes mentella,FishBase,0.988,Sebastes mentella
Sebastes marinus,Sebastes marinus,FishBase,0.988,Sebastes marinus
Pollachius virens,Pollachius virens,FishBase,0.988,Pollachius virens
Reinhardtius hippoglossoides,Reinhardtius hippoglossoides,FishBase,0.988,Reinhardtius hippoglossoides
Brycon orbignyanus,Brycon orbignyanus,FishBase,0.988,Brycon orbignyanus
Pseudoplatystoma coruscans,Pseudoplatystoma coruscans,FishBase,0.988,Pseudoplatystoma coruscans
Piaractus mesopotamicus,Piaractus mesopotamicus,FishBase,0.988,Piaractus mesopotamicus
Anguilla japonica,Anguilla japonica,FishBase,0.988,Anguilla japonica
Gasterochisma melampus,Gasterochisma melampus,FishBase,0.988,Gasterochisma melampus
Isurus oxyrinchus,Isurus oxyrinchus,FishBase,0.988,Isurus oxyrinchus
Lampris guttatus,Lampris guttatus,FishBase,0.988,Lampris guttatus
Lamna nasus,Lamna nasus,FishBase,0.988,Lamna nasus
Xiphias gladius,Xiphias gladius,FishBase,0.988,Xiphias gladius
Tilapia zillii,Tilapia zillii,FishBase,0.988,Tilapia zillii
Lates angustifrons,Lates angustifrons,FishBase,0.988,Lates angustifrons
Stolothrissa tanganicae,Stolothrissa tanganicae,FishBase,0.988,Stolothrissa tanganicae
Limnothrissa miodon,Limnothrissa miodon,FishBase,0.988,Limnothrissa miodon
Atherina boyeri,Atherina boyeri,FishBase,0.988,Atherina boyeri
Pagrus pagrus,Pagrus pagrus,FishBase,0.988,Pagrus pagrus
Trachinus draco,Trachinus draco,FishBase,0.988,Trachinus draco
Trigla lyra,Trigla lyra,FishBase,0.988,Trigla lyra
Brama japonica,Brama japonica,FishBase,0.988,Brama japonica
Pleurogrammus monopterygius,Pleurogrammus monopterygius,FishBase,0.988,Pleurogrammus monopterygius
Rasbora tawarensis,Rasbora tawarensis,FishBase,0.988,Rasbora tawarensis
Clupeoides borneensis,Clupeoides borneensis,FishBase,0.988,Clupeoides borneensis
Henicorhynchus siamensis,Henicorhynchus siamensis,FishBase,0.988,Henicorhynchus siamensis
Thynnichthys thynnoides,Thynnichthys thynnoides,FishBase,0.988,Thynnichthys thynnoides
Anguilla bicolor,Anguilla bicolor,FishBase,0.988,Anguilla bicolor
Mycteroperca acutirostris,Mycteroperca acutirostris,FishBase,0.988,Mycteroperca acutirostris
Opisthonema oglinum,Opisthonema oglinum,FishBase,0.988,Opisthonema oglinum
Sardinella brasiliensis,Sardinella brasiliensis,FishBase,0.988,Sardinella brasiliensis
Trichiurus lepturus,Trichiurus lepturus,FishBase,0.988,Trichiurus lepturus
Aluterus monoceros,Aluterus monoceros,FishBase,0.988,Aluterus monoceros
Mugil liza,Mugil liza,FishBase,0.988,Mugil liza
Brevoortia aurea,Brevoortia aurea,FishBase,0.988,Brevoortia aurea
Auxis thazard,Auxis thazard,FishBase,0.988,Auxis thazard
Cynoscion jamaicensis,Cynoscion jamaicensis,FishBase,0.988,Cynoscion jamaicensis
Merluccius hubbsi,Merluccius hubbsi,FishBase,0.988,Merluccius hubbsi
Trachurus lathami,Trachurus lathami,FishBase,0.988,Trachurus lathami
Decapterus punctatus,Decapterus punctatus,FishBase,0.988,Decapterus punctatus
Ariomma bondi,Ariomma bondi,FishBase,0.988,Ariomma bondi
Catostomus commersoni,Catostomus commersoni,FishBase,0.988,Catostomus commersoni
Pomoxis nigromaculatus,Pomoxis nigromaculatus,FishBase,0.988,Pomoxis nigromaculatus
Sander vitreus,Sander vitreus,FishBase,0.988,Sander vitreus
Tenualosa ilisha,Tenualosa ilisha,FishBase,0.988,Tenualosa ilisha
Sparus aurata,Sparus aurata,FishBase,0.988,Sparus aurata
Upeneus parvus,Upeneus parvus,FishBase,0.988,Upeneus parvus
Syacium gunteri,Syacium gunteri,FishBase,0.988,Syacium gunteri
Cynoscion arenarius,Cynoscion arenarius,FishBase,0.988,Cynoscion arenarius
Anchoa hepsetus,Anchoa hepsetus,FishBase,0.988,Anchoa hepsetus
Selene vomer,Selene vomer,FishBase,0.988,Selene vomer
Cynoscion nothus,Cynoscion nothus,FishBase,0.988,Cynoscion nothus
Elops saurus,Elops saurus,FishBase,0.988,Elops saurus
Prochilodus reticulatus,Prochilodus reticulatus,FishBase,0.988,Prochilodus reticulatus
Sebastes melanops,Sebastes melanops,FishBase,0.988,Sebastes melanops
Isopsetta isolepis,Isopsetta isolepis,FishBase,0.988,Isopsetta isolepis
Pleuronectes vetulus,Pleuronectes vetulus,FishBase,0.988,Pleuronectes vetulus
Auxis rochei,Auxis rochei,FishBase,0.988,Auxis rochei
Dasyatis sabina,Dasyatis sabina,FishBase,0.988,Dasyatis sabina
Dasyatis americana,Dasyatis americana,FishBase,0.988,Dasyatis americana
Rhizoprionodon terraenovae,Rhizoprionodon terraenovae,FishBase,0.988,Rhizoprionodon terraenovae
Carcharhinus limbatus,Carcharhinus limbatus,FishBase,0.988,Carcharhinus limbatus
Perca Fluviatilis,Perca fluviatilis,FishBase,0.988,Perca fluviatilis
Channa marulius,Channa marulius,FishBase,0.988,Channa marulius
Channa micropeltes,Channa micropeltes,FishBase,0.988,Channa micropeltes
Cyclocheilichthys apogon,Cyclocheilichthys apogon,FishBase,0.988,Cyclocheilichthys apogon
Helostoma temminckii,Helostoma temminckii,FishBase,0.988,Helostoma temminckii
Osteochilus hasselti,Osteochilus hasselti,FishBase,0.988,Osteochilus hasselti
Parachela siamensis,Parachela siamensis,FishBase,0.988,Parachela siamensis
Puntioplites proctozystron,Puntioplites proctozystron,FishBase,0.988,Puntioplites proctozystron
Anarhichas lupus,Anarhichas lupus,FishBase,0.988,Anarhichas lupus
Oreochromis =Tilapia spp,Oreochromis =tilapia spp,FishBase,0.75,Oreochromis
Danio dangila,Danio dangila,FishBase,0.988,Danio dangila
Chanda nama,Chanda nama,FishBase,0.988,Chanda nama
Gudusia chapra,Gudusia chapra,FishBase,0.988,Gudusia chapra
Colisha lalius,Colisha lalius,FishBase,0.988,Colisha lalius
Chela cachius,Chela cachius,FishBase,0.988,Chela cachius
Macrognathus aculeatus,Macrognathus aculeatus,FishBase,0.988,Macrognathus aculeatus
Mastacembelus armatus,Mastacembelus armatus,FishBase,0.988,Mastacembelus armatus
Mastacembelus pancalus,Mastacembelus pancalus,FishBase,0.988,Mastacembelus pancalus
Esomus danricus,Esomus danricus,FishBase,0.988,Esomus danricus
Lepidocephalus guntea,Lepidocephalus guntea,FishBase,0.988,Lepidocephalus guntea
Xenentodon cancila,Xenentodon cancila,FishBase,0.988,Xenentodon cancila
Corica soborna,Corica soborna,FishBase,0.988,Corica soborna
Colisa fasciatus,Colisa fasciatus,FishBase,0.988,Colisa fasciatus
Puntius sophore,Puntius sophore,FishBase,0.988,Puntius sophore
Puntius ticto,Puntius ticto,FishBase,0.988,Puntius ticto
Amblypharyngodon mola,Amblypharyngodon mola,FishBase,0.988,Amblypharyngodon mola
Glossogobius giuris,Glossogobius giuris,FishBase,0.988,Glossogobius giuris
Pseudambassis ranga,Pseudambassis ranga,FishBase,0.988,Pseudambassis ranga
Osteobrama cotio,Osteobrama cotio,FishBase,0.988,Osteobrama cotio
Hyporhamphus limbatus,Hyporhamphus limbatus,FishBase,0.988,Hyporhamphus limbatus
Mystus cavasius,Mystus cavasius,FishBase,0.988,Mystus cavasius
Lepidocephalichthys guntea,Lepidocephalichthys guntea,FishBase,0.988,Lepidocephalichthys guntea
Ailia coila,Ailia coila,FishBase,0.988,Ailia coila
Xenontedon cancila,Xenontedon cancila,FishBase,0.75,Xenentodon cancila
Eleotris fusca,Eleotris fusca,FishBase,0.988,Eleotris fusca
Ompok pabda,Ompok pabda,FishBase,0.988,Ompok pabda
Botia dario,Botia dario,FishBase,0.988,Botia dario
Channa striatus,Channa striatus,FishBase,0.988,Channa striatus
Stolephorus tri,Stolephorus tri,FishBase,0.988,Stolephorus tri
Pennahia argentata,Pennahia argentata,FishBase,0.988,Pennahia argentata
Platycephalus indicus,Platycephalus indicus,FishBase,0.988,Platycephalus indicus
Liza parsia,Liza parsia,FishBase,0.988,Liza parsia
Sillaginopsis panijus,Sillaginopsis panijus,FishBase,0.988,Sillaginopsis panijus
Salvelinus alpinus [naresi],Salvelinus alpinus [naresi],FishBase,0.988,Salvelinus alpinus
Coregonus autumnalis,Coregonus autumnalis,FishBase,0.988,Coregonus autumnalis
Stenodus leucichtys,Stenodus leucichtys,FishBase,0.75,Stenodus leucichthys
Coregonos nasus,Coregonos nasus,FishBase,0.75,Coregonus nasus
Pterodoras granulosus,Pterodoras granulosus,FishBase,0.988,Pterodoras granulosus
Plagioscion squamosissimus,Plagioscion squamosissimus,FishBase,0.988,Plagioscion squamosissimus
Prochilodus lineatus,Prochilodus lineatus,FishBase,0.988,Prochilodus lineatus
Salminus maxillosus,Salminus maxillosus,FishBase,0.988,Salminus maxillosus
Leporinus friderici,Leporinus friderici,FishBase,0.988,Leporinus friderici
Pseudoplatystoma corruscans,Pseudoplatystoma corruscans,FishBase,0.988,Pseudoplatystoma corruscans
Oreochromis mossambicus,Oreochromis mossambicus,FishBase,0.988,Oreochromis mossambicus
Glossogobius giurias,Glossogobius giurias,FishBase,0.75,Glossogobius giuris
Glossogobius giurias,Glossogobius giurias,FishBase,0.75,Glossigobius giuris
Glossogobius giurias,Glossogobius giurias,FishBase,0.75,Glossogabius giuris
Glossogobius giurias,Glossogobius giurias,FishBase,0.75,Glossogobius giurus
Thryssa purava,Thryssa purava,FishBase,0.988,Thryssa purava
Protonibea diacanthus,Protonibea diacanthus,FishBase,0.988,Protonibea diacanthus
Harpadon nehereus,Harpadon nehereus,FishBase,0.988,Harpadon nehereus
Labeo rohita,Labeo rohita,FishBase,0.988,Labeo rohita
Catla catla,Catla catla,FishBase,0.988,Catla catla
Megalops cyprinoides,Megalops cyprinoides,FishBase,0.988,Megalops cyprinoides
Clupea pallasii,Clupea pallasii,FishBase,0.988,Clupea pallasii
Hydrolagus colliei,Hydrolagus colliei,FishBase,0.988,Hydrolagus colliei
Sebastes crameri,Sebastes crameri,FishBase,0.988,Sebastes crameri
Sebastes aleutianus,Sebastes aleutianus,FishBase,0.988,Sebastes aleutianus
Sebastes paucispinis,Sebastes paucispinis,FishBase,0.988,Sebastes paucispinis
Sebastes goodei,Sebastes goodei,FishBase,0.988,Sebastes goodei
Sebastes elongatus,Sebastes elongatus,FishBase,0.988,Sebastes elongatus
Sebastes alutus,Sebastes alutus,FishBase,0.988,Sebastes alutus
Sebastes ruberrimus,Sebastes ruberrimus,FishBase,0.988,Sebastes ruberrimus
Sebastes rosaceus,Sebastes rosaceus,FishBase,0.988,Sebastes rosaceus
Sebastes entomelas,Sebastes entomelas,FishBase,0.988,Sebastes entomelas
Hippoglossoides elassodon,Hippoglossoides elassodon,FishBase,0.988,Hippoglossoides elassodon
Eopsetta jordani,Eopsetta jordani,FishBase,0.988,Eopsetta jordani
Glyptocephalus zachirus,Glyptocephalus zachirus,FishBase,0.988,Glyptocephalus zachirus
Psettichthys melanostictus,Psettichthys melanostictus,FishBase,0.988,Psettichthys melanostictus
Oncorhynchus clarki,Oncorhynchus clarki,FishBase,0.988,Oncorhynchus clarki
Scorpena scrofa,Scorpena scrofa,FishBase,0.75,Scorpaena scrofa
Trigla lucerna,Trigla lucerna,FishBase,0.988,Trigla lucerna
