seanuts_id2,Species,subgroup,food_name_clean,species_name,part
288,Abramis brama,finfish,Bream_wild_skinless_boneless_fillet_raw,Abramis brama,muscle-skinless
131,Abramis brama,finfish,Bream_wild_skinless_fillet_raw,Abramis brama,muscle-skinless
134,Abramis brama,finfish,Bream_wild_skinless_fillet_raw,Abramis brama,muscle-skinless
193,Abramis brama,finfish,Bream_wild_dorsal_muscle_raw,Abramis brama,muscle
231,Abramis brama,finfish,Bream_wild_dorsal_muscle_raw,Abramis brama,muscle
237,Abramis brama,finfish,Bream_wild_dorsal_muscle_raw,Abramis brama,muscle
240,Abramis brama,finfish,Bream_wild_dorsal_muscle_raw,Abramis brama,muscle
287,Abramis brama,finfish,Common_bream_wild_skinless_fillet_raw,Abramis brama,muscle-skinless
291,Albatrossia pectoralis,finfish,Giant_grenadier_wild_fillets_raw,Albatrossia pectoralis,muscle
295,Alosa alosa,finfish,Shad_marine_water_raw_wild_edible_part_raw,Alosa alosa,muscle
214,Alosa sapidissima,finfish,American_shad_wild_fillet_raw,Alosa sapidissima,muscle
317,Anarhichas lupus,finfish,Wolf-fish_wild_fillet_raw,Anarhichas lupus,muscle
318,Anarhichas lupus,finfish,Wolf-fish_wild_fillet_raw,Anarhichas lupus,muscle
319,Anarhichas lupus,finfish,Wolf-fish_wild_fillet_raw,Anarhichas lupus,muscle
275,Anarhichas lupus,finfish,Wolf-fish_wild_fillet_raw,Anarhichas lupus,muscle
324,Anguilla rostrata,finfish,American_eel_wild_skinless_muscle_tissue_raw,Anguilla rostrata,muscle-skinless
325,Anoplopoma fimbria,finfish,Sablefish_wild_boneless_skinless_fillet_raw,Anoplopoma fimbria,muscle-skinless
218,Aphanopus carbo,finfish,Black_scabbardfish_wild_skinless_fillets_raw,Aphanopus carbo,muscle-skinless
234,Aphanopus carbo,finfish,Black_scabbardfish_wild_skinless_fillets_raw,Aphanopus carbo,muscle-skinless
326,Aphanopus carbo,finfish,Black_scabbardfish_wild_skin-on_fillets_raw,Aphanopus carbo,muscle
351,Arripis trutta,finfish,Kahawai_wild_skinless_fillet_frozen,Arripis trutta,muscle-skinless
353,Atheresthes stomias,finfish,Arrow-tooth_flounder_wild_fillets_raw,Atheresthes stomias,muscle
354,Atherina boyeri,finfish,Big-scale_sand_smelt_wild_whole_raw,Atherina boyeri,whole
359,Auxis rochei,finfish,Bullet_tuna_wild_ventral_muscle_raw,Auxis rochei,muscle
360,Auxis rochei,finfish,Bullet_tuna_wild_dorsal_muscle_raw,Auxis rochei,muscle
364,Bagrus docmak,finfish,Catfish_A_wild_muscle_fillet_raw,Bagrus docmak,muscle
365,Bagrus docmak,finfish,Semutundu_wild_skinless_boneless_dorsal_muscle_raw,Bagrus docmak,muscle-skinless
366,Bagrus docmak,finfish,Semutundu_wild_skinless_boneless_dorsal_muscle_raw,Bagrus docmak,muscle-skinless
370,Belone belone,finfish,Garfish_wild_edible_part_raw,Belone belone,muscle
381,Brosme brosme,finfish,Tusk_wild_skinless_fillet_raw,Brosme brosme,muscle-skinless
382,Brosme brosme,finfish,Tusk_wild_skinless_fillet_raw,Brosme brosme,muscle-skinless
388,Carassius carassius,finfish,Crucian_carp_wild_skinless_boneless_fillet_raw,Carassius carassius,muscle-skinless
121,Carassius carassius,finfish,Crucian_carp_wild_skinless_fillet_raw,Carassius carassius,muscle-skinless
126,Carassius carassius,finfish,Crucian_carp_wild_skinless_fillet_raw,Carassius carassius,muscle-skinless
389,Carcharhinus limbatus,finfish,Blacktip_shark_wild_fillet_along_dorsal_line_raw,Carcharhinus limbatus,muscle
391,Catostomus commersonii,finfish,White_sucker_wild_fillet_raw,Catostomus commersonii,muscle
408,Champsocephalus gunnari,finfish,Mackerel_icefish_wild_fillet_belly_flaps_removed_raw,Champsocephalus gunnari,muscle
80,Channa striata,finfish,Snakehead_murrel_wild_skin-on_raw,Channa striata,muscle
415,Channa striata,finfish,Snakehead_wild_boneless_skinless_fillet_raw,Channa striata,muscle-skinless
416,Channa striata,finfish,Snakehead_wild_boneless_skinless_fillet_raw,Channa striata,muscle-skinless
417,Channa striata,finfish,Snakehead_wild_boneless_skinless_fillet_raw,Channa striata,muscle-skinless
1980,Channa striata,finfish,Shol,Channa striatus,muscle
414,Channa striata,finfish,Striped_snake-head_fish_wild_muscle_fillet_raw,Channa striata,muscle
424,Chelon labrosus,finfish,Thicklip_grey_mullet_wild_fillet_raw,Chelon labrosus,muscle
431,Chondrostoma nasus,finfish,Nase_wild_skinless_boneless_fillet_raw,Chondrostoma nasus,muscle-skinless
127,Chondrostoma nasus,finfish,Nase_wild_skinless_fillet_raw,Chondrostoma nasus,muscle-skinless
132,Chondrostoma nasus,finfish,Nase_wild_skinless_fillet_raw,Chondrostoma nasus,muscle-skinless
435,Clarias gariepinus,finfish,African_catfish_wild_skinless_boneless_dorsal_muscle_raw,Clarias gariepinus,muscle-skinless
436,Clarias gariepinus,finfish,African_catfish_wild_skinless_boneless_dorsal_muscle_raw,Clarias gariepinus,muscle-skinless
437,Clarias gariepinus,finfish,Catfish_B_wild_muscle_fillet_raw,Clarias gariepinus,muscle
438,Clarias gariepinus,finfish,North_African_catfish_wild_muscle_tissue_raw,Clarias gariepinus,muscle
434,Clarias gariepinus,finfish,African_catfish_wild_fillet_raw,Clarias gariepinus,muscle
450,Clupea harengus,finfish,Herring_wild_skinless_fillet_raw,Clupea harengus,muscle-skinless
451,Clupea harengus,finfish,Herring_wild_skinless_fillet_raw,Clupea harengus,muscle-skinless
219,Coregonus albula,finfish,Vendace_wild_dorsal_muscle_raw,Coregonus albula,muscle
229,Coregonus albula,finfish,Vendace_wild_dorsal_muscle_raw,Coregonus albula,muscle
462,Coregonus albula,finfish,Vendace_wild_skin-on_fillet_raw,Coregonus albula,muscle
463,Coregonus albula,finfish,Vendace_wild_skin-on_fillet_raw,Coregonus albula,muscle
464,Coregonus albula,finfish,Vendace_wild_skin-on_fillet_raw,Coregonus albula,muscle
465,Coregonus albula,finfish,Vendace_wild_skin-on_fillet_raw,Coregonus albula,muscle
466,Coregonus albula,finfish,Vendace_wild_skin-on_fillet_raw,Coregonus albula,muscle
467,Coregonus albula,finfish,Vendace_wild_skin-on_fillet_raw,Coregonus albula,muscle
468,Coregonus albula,finfish,Vendace_wild_skin-on_fillet_raw,Coregonus albula,muscle
161,Coregonus lavaretus,finfish,Whitefish_wild_skinless_fillets_raw,Coregonus lavaretus,muscle-skinless
164,Coregonus lavaretus,finfish,Whitefish_wild_skinless_fillets_raw,Coregonus lavaretus,muscle-skinless
175,Coregonus lavaretus,finfish,Whitefish_wild_skinless_fillets_raw,Coregonus lavaretus,muscle-skinless
489,Cyclopterus lumpus,finfish,Lumpsucker_wild_male_fillet_raw,Cyclopterus lumpus,muscle
490,Cyclopterus lumpus,finfish,Lumpsucker_wild_male_fillet_raw,Cyclopterus lumpus,muscle
491,Cyclopterus lumpus,finfish,Lumpsucker_wild_male_fillet_raw,Cyclopterus lumpus,muscle
267,Cyclopterus lumpus,finfish,Lumpsucker_wild_male_fillet_raw,Cyclopterus lumpus,muscle
492,Cynoglossus arel,finfish,Large-scale_tongue_sole_wild_fillet_raw,Cynoglossus arel,muscle
507,Cyprinus carpio,finfish,Common_carp_wild_edible_flesh_raw,Cyprinus carpio,muscle
508,Cyprinus carpio,finfish,Common_carp_wild_muscle_tissue_raw,Cyprinus carpio,muscle
1986,Cyprinus carpio,finfish,Common Carp,Cyprinus carpio,muscle
509,Cyprinus carpio,finfish,Carp_wild_skinless_boneless_fillet_raw,Cyprinus carpio,muscle-skinless
85,Cyprinus carpio,finfish,Carp_wild_skinless_fillet_raw,Cyprinus carpio,muscle-skinless
135,Cyprinus carpio,finfish,Carp_wild_skinless_fillet_raw,Cyprinus carpio,muscle-skinless
188,Cyprinus carpio,finfish,Common_carp_wild_edible_flesh_raw,Cyprinus carpio,muscle
506,Cyprinus carpio,finfish,Common_carp_wild_boneless_fillet_raw,Cyprinus carpio,muscle
515,Decapterus punctatus,finfish,Round_scad_wild_fillet_frozen,Decapterus punctatus,muscle
516,Decapterus punctatus,finfish,Round_scad_wild_fillet_frozen,Decapterus punctatus,muscle
517,Dentex dentex,finfish,Common_dentex_wild_fillet_raw,Dentex dentex,muscle
522,Dicentrarchus labrax,finfish,Sea_bass_wild_skinless_fillet_raw,Dicentrarchus labrax,muscle-skinless
523,Dicentrarchus labrax,finfish,Sea_bass_wild_skinless_fillet_raw,Dicentrarchus labrax,muscle-skinless
524,Dicentrarchus labrax,finfish,Sea_bass_wild_skinless_fillet_raw,Dicentrarchus labrax,muscle-skinless
525,Dicentrarchus labrax,finfish,Sea_bass_wild_skinless_fillet_raw,Dicentrarchus labrax,muscle-skinless
520,Dicentrarchus labrax,finfish,Sea_bass_wild_fillet_raw,Dicentrarchus labrax,muscle
521,Dicentrarchus labrax,finfish,Seabass/Bass_wild_edible_flesh_raw,Dicentrarchus labrax,muscle
526,Diplodus annularis,finfish,Annular_seabream_wild_fillet_raw,Diplodus annularis,muscle
546,Engraulis encrasicolus,finfish,Anchovy_wild_edible_part_raw,Engraulis encrasicolus,muscle
550,Engraulis encrasicolus,finfish,Anchovy_wild_edible_flesh_raw,Engraulis encrasicolus,muscle
551,Engraulis encrasicolus,finfish,Anchovy_wild_skin-on_fillet_raw,Engraulis encrasicolus,muscle
552,Engraulis encrasicolus,finfish,Anchovy_wild_skin-on_fillet_raw,Engraulis encrasicolus,muscle
547,Engraulis encrasicolus,finfish,Anchovy_wild_edible_flesh_raw,Engraulis encrasicolus,muscle
548,Engraulis encrasicolus,finfish,Anchovy_wild_edible_flesh_raw,Engraulis encrasicolus,muscle
549,Engraulis encrasicolus,finfish,Anchovy_wild_edible_flesh_raw,Engraulis encrasicolus,muscle
553,Epinephelus aeneus,finfish,White_grouper_wild_dorsal_muscle_fillet_skin-on_raw,Epinephelus aeneus,muscle
554,Epinephelus aeneus,finfish,White_grouper_wild_dorsal_muscle_fillet_skin-on_raw,Epinephelus aeneus,muscle
555,Epinephelus aeneus,finfish,White_grouper_wild_dorsal_muscle_fillet_skin-on_raw,Epinephelus aeneus,muscle
556,Epinephelus aeneus,finfish,White_grouper_wild_dorsal_muscle_fillet_skin-on_raw,Epinephelus aeneus,muscle
557,Epinephelus aeneus,finfish,White_grouper_wild_dorsal_muscle_fillet_skin-on_raw,Epinephelus aeneus,muscle
558,Epinephelus aeneus,finfish,White_grouper_wild_dorsal_muscle_fillet_skin-on_raw,Epinephelus aeneus,muscle
559,Epinephelus coioides,finfish,Orange-spotted_grouper_wild_fillet_raw,Epinephelus coioides,muscle
265,Esox lucius,finfish,Pike_wild_female_flesh_raw,Esox lucius,muscle
271,Esox lucius,finfish,Pike_wild_female_flesh_raw,Esox lucius,muscle
569,Esox lucius,finfish,Northern_pike_wild_fillet_raw,Esox lucius,muscle
2014,Esox lucius,finfish,Pike,Esox lucius,muscle
236,Esox lucius,finfish,Pike_wild_dorsal_muscle_raw,Esox lucius,muscle
248,Esox lucius,finfish,Pike_wild_dorsal_muscle_raw,Esox lucius,muscle
249,Esox lucius,finfish,Pike_wild_dorsal_muscle_raw,Esox lucius,muscle
568,Esox lucius,finfish,Pike_wild_skinless_fillet_raw,Esox lucius,muscle-skinless
570,Esox lucius,finfish,Pike_wild_skinless_fillet_raw,Esox lucius,muscle-skinless
571,Esox lucius,finfish,Pike_wild_skinless_fillet_raw,Esox lucius,muscle-skinless
572,Esox lucius,finfish,Pike_wild_skinless_fillet_raw,Esox lucius,muscle-skinless
573,Esox lucius,finfish,Pike_wild_skinless_fillet_raw,Esox lucius,muscle-skinless
574,Esox lucius,finfish,Pike_wild_skinless_fillet_raw,Esox lucius,muscle-skinless
592,Eutrigla gurnardus,finfish,Grey_gurnard_wild_skinless_fillet_raw,Eutrigla gurnardus,muscle-skinless
593,Eutrigla gurnardus,finfish,Grey_gurnard_wild_skinless_fillet_raw,Eutrigla gurnardus,muscle-skinless
594,Eutrigla gurnardus,finfish,Grey_gurnard_wild_skinless_fillet_raw,Eutrigla gurnardus,muscle-skinless
595,Eutrigla gurnardus,finfish,Grey_gurnard_wild_skinless_fillet_raw,Eutrigla gurnardus,muscle-skinless
600,Gadus macrocephalus,finfish,Pacific_cod_wild_fillets_raw,Gadus macrocephalus,muscle
599,Gadus macrocephalus,finfish,Pacific_cod_wild_fillet_raw,Gadus macrocephalus,muscle
221,Gadus macrocephalus,finfish,Pacific_cod_wild_fillet_raw,Gadus macrocephalus,muscle
241,Gadus macrocephalus,finfish,Pacific_cod_wild_fillet_raw,Gadus macrocephalus,muscle
246,Gadus macrocephalus,finfish,Pacific_cod_wild_fillet_raw,Gadus macrocephalus,muscle
601,Gadus morhua,finfish,Cod_wild_skinless_fillet_frozen,Gadus morhua,muscle-skinless
602,Gadus morhua,finfish,Atlantic_cod_wild_fillet_raw,Gadus morhua,muscle
607,Gadus morhua,finfish,Atlantic_cod_wild_fillet_raw,Gadus morhua,muscle
608,Gadus morhua,finfish,Atlantic_cod_wild_fillet_raw,Gadus morhua,muscle
263,Gadus morhua,finfish,Atlantic_cod_wild_fillet_raw,Gadus morhua,muscle
610,Gadus morhua,finfish,Cod_wild_skinless_fillet_raw,Gadus morhua,muscle-skinless
611,Gadus morhua,finfish,Cod_wild_skinless_fillet_raw,Gadus morhua,muscle-skinless
612,Gadus morhua,finfish,Cod_wild_skinless_fillet_raw,Gadus morhua,muscle-skinless
616,Helicolenus dactylopterus,finfish,Blackbelly_rosefish_wild_fillet_raw,Helicolenus dactylopterus,muscle
1972,Heteropneustes fossilis,finfish,Shing,Heteropneustes fossilis,muscle
620,Heteropneustes fossilis,finfish,Stinging_catfish_wild_edible_portion_raw,Heteropneustes fossilis,muscle
623,Hippoglossus hippoglossus,finfish,Atlantic_halibut_wild_ventral_white_fillet_skinless_boneless_visible_fat_removed_raw,Hippoglossus hippoglossus,muscle-skinless
622,Hippoglossus hippoglossus,finfish,Atlantic_halibut_wild_fillet_without_visible_fat_raw,Hippoglossus hippoglossus,muscle
625,Huso huso,finfish,Sturgeon_wild_caudal_meat_raw,Huso huso,muscle
627,Hyperoglyphe antarctica,finfish,Blue-nose_warehou_wild_skinless_fillet_frozen,Hyperoglyphe antarctica,muscle-skinless
628,Hypomesus pretiosus,finfish,Surf_smelt_marine_waters_wild_whole_fish_raw,Hypomesus pretiosus,whole
630,Ictalurus punctatus,finfish,Channel_catfish_wild_fillet_raw,Ictalurus punctatus,muscle
631,Ictalurus punctatus,finfish,Channel_catfish_wild_fillet_raw,Ictalurus punctatus,muscle
232,Isurus oxyrinchus,finfish,Short-finned_mako_shark_wild_white_muscle_flesh_caudal_end_skinless_boneless_raw,Isurus oxyrinchus,muscle-skinless
253,Lamna nasus,finfish,Porbeagle_shark_wild_white_muscle_flesh_caudal_end_skinless_boneless_raw,Lamna nasus,muscle-skinless
651,Lates calcarifer,finfish,Asian_seabass_wild_skinless_fillet_frozen,Lates calcarifer,muscle-skinless
649,Lates calcarifer,finfish,Giant_seaperch_wild_fillet_raw,Lates calcarifer,muscle
650,Lates calcarifer,finfish,Giant_seaperch_wild_muscle_fillet_raw,Lates calcarifer,muscle
652,Lates niloticus,finfish,Nile_perch_wild_skinless_boneless_dorsal_muscle_raw,Lates niloticus,muscle-skinless
653,Lates niloticus,finfish,Nile_perch_wild_skinless_boneless_dorsal_muscle_raw,Lates niloticus,muscle-skinless
654,Lates niloticus,finfish,Nile_perch_wild_skinless_boneless_dorsal_muscle_raw,Lates niloticus,muscle-skinless
655,Lates niloticus,finfish,Nile_perch_wild_muscle_fillet_raw,Lates niloticus,muscle
658,Lepidorhombus whiffiagonis,finfish,Megrim_wild_skinless_fillet_raw,Lepidorhombus whiffiagonis,muscle-skinless
659,Lepidorhombus whiffiagonis,finfish,Megrim_wild_skinless_fillet_raw,Lepidorhombus whiffiagonis,muscle-skinless
662,Leuciscus idus,finfish,Ide_wild_skinless_boneless_fillet_raw,Leuciscus idus,muscle-skinless
112,Leuciscus idus,finfish,Ide_wild_skinless_fillet_raw,Leuciscus idus,muscle-skinless
113,Leuciscus idus,finfish,Ide_wild_skinless_fillet_raw,Leuciscus idus,muscle-skinless
663,Limanda aspera,finfish,Sole_frozen_wild_skinless_fillet_frozen,Limanda aspera,muscle-skinless
668,Lithognathus mormyrus,finfish,Striped_seabream_wild_fillet_raw,Lithognathus mormyrus,muscle
666,Lithognathus mormyrus,finfish,Striped_bream_wild_edible_flesh_raw,Lithognathus mormyrus,muscle
667,Lithognathus mormyrus,finfish,Sand_steenbras_wild_ventral_and_dorsal_muscle_flesh_raw,Lithognathus mormyrus,muscle
685,Lophius budegassa,finfish,Black-bellied_angler_wild_fillet_raw,Lophius budegassa,muscle
2009,Lophius piscatorius,finfish,angler fish,Lophius piscatorius,muscle
686,Lophius piscatorius,finfish,Anglerfish_wild_skinless_fillet_raw,Lophius piscatorius,muscle-skinless
687,Lophius piscatorius,finfish,Anglerfish_wild_skinless_fillet_raw,Lophius piscatorius,muscle-skinless
688,Lota lota,finfish,Burbot_wild_fillet_raw,Lota lota,muscle
238,Lota lota,finfish,Burbot_wild_dorsal_muscle_raw,Lota lota,muscle
694,Macrodon ancylodon,finfish,Kink_weakfish_wild_fillet_raw,Macrodon ancylodon,muscle
698,Macrourus berglax,finfish,Roughhead_grenadier_wild_dorsal_muscle_raw,Macrourus berglax,muscle
709,Mallotus villosus,finfish,Capelin_wild_whole_fish_raw,Mallotus villosus,whole
715,Melanogrammus aeglefinus,finfish,Haddock_wild_fillet_raw,Melanogrammus aeglefinus,muscle
716,Melanogrammus aeglefinus,finfish,Haddock_wild_fillet_raw,Melanogrammus aeglefinus,muscle
717,Melanogrammus aeglefinus,finfish,Haddock_wild_fillet_raw,Melanogrammus aeglefinus,muscle
268,Melanogrammus aeglefinus,finfish,Haddock_wild_fillet_raw,Melanogrammus aeglefinus,muscle
713,Melanogrammus aeglefinus,finfish,Haddock_wild_skinless_fillet_raw,Melanogrammus aeglefinus,muscle-skinless
714,Melanogrammus aeglefinus,finfish,Haddock_wild_skinless_fillet_raw,Melanogrammus aeglefinus,muscle-skinless
721,Merlangius merlangus,finfish,Whiting_wild_edible_flesh_raw,Merlangius merlangus,muscle
722,Merlangius merlangus,finfish,Whiting_wild_skinless_fillet_raw,Merlangius merlangus,muscle-skinless
723,Merlangius merlangus,finfish,Whiting_wild_skinless_fillet_raw,Merlangius merlangus,muscle-skinless
724,Merluccius hubbsi,finfish,Atlantic_hake_wild_female_skinless_dorsal_muscle_subdermal_fat_removed_raw,Merluccius hubbsi,muscle-skinless
725,Merluccius hubbsi,finfish,Atlantic_hake_wild_female_skinless_dorsal_muscle_subdermal_fat_removed_raw,Merluccius hubbsi,muscle-skinless
726,Merluccius hubbsi,finfish,Atlantic_hake_wild_female_skinless_dorsal_muscle_subdermal_fat_removed_raw,Merluccius hubbsi,muscle-skinless
727,Merluccius hubbsi,finfish,Atlantic_hake_wild_female_skinless_dorsal_muscle_subdermal_fat_removed_raw,Merluccius hubbsi,muscle-skinless
728,Merluccius hubbsi,finfish,Atlantic_hake_wild_female_skinless_dorsal_muscle_subdermal_fat_removed_raw,Merluccius hubbsi,muscle-skinless
732,Merluccius merluccius,finfish,Hake_wild_skinless_muscle_tissue_raw,Merluccius merluccius,muscle-skinless
735,Merluccius merluccius,finfish,European_hake_wild_fillet_raw,Merluccius merluccius,muscle
2008,Merluccius merluccius,finfish,european hake,Merluccius merluccius,muscle
729,Merluccius merluccius,finfish,European_hake_wild_edible_flesh_raw,Merluccius merluccius,muscle
730,Merluccius merluccius,finfish,European_hake_wild_edible_flesh_raw,Merluccius merluccius,muscle
731,Merluccius merluccius,finfish,European_hake_wild_edible_flesh_raw,Merluccius merluccius,muscle
733,Merluccius merluccius,finfish,European_hake_wild_skinless_fillet_raw,Merluccius merluccius,muscle-skinless
736,Merluccius merluccius,finfish,European_hake_wild_skinless_fillet_raw,Merluccius merluccius,muscle-skinless
738,Merluccius productus,finfish,Pacific_hake_wild_skinless_fillet_raw,Merluccius productus,muscle-skinless
737,Merluccius productus,finfish,Pacific_hake_wild_fillet_raw,Merluccius productus,muscle
250,Merluccius productus,finfish,Pacific_whiting_wild_fillet_raw,Merluccius productus,muscle
258,Merluccius productus,finfish,Pacific_whiting_wild_fillet_raw,Merluccius productus,muscle
746,Micromesistius poutassou,finfish,Blue_whiting_wild_skinless_fillet_raw,Micromesistius poutassou,muscle-skinless
747,Micromesistius poutassou,finfish,Blue_whiting_wild_skinless_fillet_raw,Micromesistius poutassou,muscle-skinless
745,Micropogonias furnieri,finfish,White_croaker_wild_fillet_raw,Micropogonias furnieri,muscle
748,Microstomus kitt,finfish,Lemon_sole_wild_skinless_fillet_raw,Microstomus kitt,muscle-skinless
749,Microstomus kitt,finfish,Lemon_sole_wild_skinless_fillet_raw,Microstomus kitt,muscle-skinless
750,Microstomus kitt,finfish,Lemon_sole_wild_skinless_fillet_raw,Microstomus kitt,muscle-skinless
751,Microstomus kitt,finfish,Lemon_sole_wild_skinless_fillet_raw,Microstomus kitt,muscle-skinless
753,Microstomus pacificus,finfish,Dover_sole_wild_boneless_skinless_fillet_raw,Microstomus pacificus,muscle-skinless
752,Microstomus pacificus,finfish,Dover_sole_wild_fillet_raw,Microstomus pacificus,muscle
196,Microstomus pacificus,finfish,Dover_sole_wild_fillet_raw,Microstomus pacificus,muscle
235,Microstomus pacificus,finfish,Dover_sole_wild_fillet_raw,Microstomus pacificus,muscle
239,Microstomus pacificus,finfish,Dover_sole_wild_fillet_raw,Microstomus pacificus,muscle
754,Molva dypterygia,finfish,Blue_ling_wild_skinless_fillet_raw,Molva dypterygia,muscle-skinless
755,Molva dypterygia,finfish,Blue_ling_wild_skinless_fillet_raw,Molva dypterygia,muscle-skinless
756,Molva molva,finfish,Ling_wild_skinless_fillet_raw,Molva molva,muscle-skinless
757,Molva molva,finfish,Ling_wild_skinless_fillet_raw,Molva molva,muscle-skinless
772,Mugil cephalus,finfish,Flathead_mullet_wild_fillet_raw,Mugil cephalus,muscle
773,Mugil cephalus,finfish,Mullet_wild_fillet_raw,Mugil cephalus,muscle
774,Mugil cephalus,finfish,Grey_mullet_wild_edible_flesh_raw,Mugil cephalus,muscle
769,Mugil cephalus,finfish,Grey_mullet_wild_edible_flesh_raw,Mugil cephalus,muscle
770,Mugil cephalus,finfish,Grey_mullet_wild_edible_flesh_raw,Mugil cephalus,muscle
771,Mugil cephalus,finfish,Grey_mullet_wild_edible_flesh_raw,Mugil cephalus,muscle
785,Mullus surmuletus,finfish,Surmullet_wild_ventral_and_dorsal_muscle_flesh_raw,Mullus surmuletus,muscle
786,Mustelus lenticulatus,finfish,Rig_wild_skinless_fillet_frozen,Mustelus lenticulatus,muscle-skinless
797,Nemipterus japonicus,finfish,Japanese_threadfin_bream_wild_fillet_raw,Nemipterus japonicus,muscle
812,Notothenia neglecta,finfish,Rock_perch_adult_fish_muscle_flesh_middle_portion_raw,Notothenia neglecta,muscle
811,Notothenia neglecta,finfish,Yellowbelly_rockcod_wild_fillet_belly_flaps_removed_raw,Notothenia neglecta,muscle
813,Oblada melanura,finfish,Saddled_bream_wild_edible_flesh_raw,Oblada melanura,muscle
821,Odax pullus,finfish,Butterfish_wild_female_skinless_fillet_frozen,Odax pullus,muscle-skinless
823,Oncorhynchus gorbuscha,finfish,Pink_salmon_marine_waters_wild_skinless_fillet_raw,Oncorhynchus gorbuscha,muscle-skinless
822,Oncorhynchus gorbuscha,finfish,Humpback_salmon_wild_skinless_dorsal_muscle_fillet_frozen,Oncorhynchus gorbuscha,muscle-skinless
824,Oncorhynchus kisutch,finfish,Coho_salmon_wild_skinless_fillet_raw,Oncorhynchus kisutch,muscle-skinless
825,Oncorhynchus kisutch,finfish,Coho_salmon_wild_skinless_fillet_raw,Oncorhynchus kisutch,muscle-skinless
830,Oncorhynchus tshawytscha,finfish,Chinook_salmon_wild_boneless_skinless_fillet_raw,Oncorhynchus tshawytscha,muscle-skinless
829,Oncorhynchus tshawytscha,finfish,Chinook_salmon_wild_fillet_raw,Oncorhynchus tshawytscha,muscle
831,Ophiodon elongatus,finfish,Ling_cod_wild_fillet_raw,Ophiodon elongatus,muscle
832,Opisthonema oglinum,finfish,Atlantic_thread_herring_adult_fish_muscle_flesh_middle_portion_raw,Opisthonema oglinum,muscle
836,Oreochromis macrochir,finfish,Longfin_tilapia_wild_white_dorsal_muscle_flesh_skin_and_boneless_raw,Oreochromis macrochir,muscle
837,Oreochromis macrochir,finfish,Longfin_tilapia_wild_white_dorsal_muscle_flesh_skin_and_boneless_raw,Oreochromis macrochir,muscle
838,Oreochromis macrochir,finfish,Longfin_tilapia_wild_white_dorsal_muscle_flesh_skin_and_boneless_raw,Oreochromis macrochir,muscle
855,Oreochromis niloticus,finfish,Nile_tilapia_wild_skinless_boneless_dorsal_muscle_raw,Oreochromis niloticus,muscle-skinless
857,Oreochromis niloticus,finfish,Nile_tilapia_wild_muscle_fillet_raw,Oreochromis niloticus,muscle
858,Oreochromis niloticus,finfish,Nile_tilapia_wild_skinless_boneless_dorsal_muscle_raw,Oreochromis niloticus,muscle-skinless
859,Oreochromis niloticus,finfish,Nile_tilapia_wild_skinless_boneless_dorsal_muscle_raw,Oreochromis niloticus,muscle-skinless
1992,Oreochromis niloticus,finfish,Tilapia,Oreochromis niloticus,muscle
1993,Oreochromis niloticus,finfish,Majhari Tilapia,Oreochromis niloticus (juvenile),muscle
15,Oreochromis niloticus,finfish,Nile_tilapia_wild_skin-on_fillet_incl._bones_raw,Oreochromis niloticus,muscle
839,Oreochromis niloticus,finfish,Nile_Tilapia_wild_muscle_fillet_raw,Oreochromis niloticus,muscle
842,Oreochromis niloticus,finfish,Nile_tilapia_wild_white_dorsal_muscle_flesh_skin_and_boneless_raw,Oreochromis niloticus,muscle
843,Oreochromis niloticus,finfish,Nile_tilapia_wild_white_dorsal_muscle_flesh_skin_and_boneless_raw,Oreochromis niloticus,muscle
853,Oreochromis niloticus,finfish,Nile_tilapia_wild_white_dorsal_muscle_flesh_skin_and_boneless_raw,Oreochromis niloticus,muscle
86,Pagellus bogaraveo,finfish,Blackspot_seabream_wild_tail_white_muscle_fillet_raw,Pagellus bogaraveo,muscle
93,Pagellus bogaraveo,finfish,Blackspot_seabream_wild_ventral_white_muscle_fillet_raw,Pagellus bogaraveo,muscle
158,Pagellus bogaraveo,finfish,Blackspot_seabream_wild_dorsal_white_muscle_fillet_raw,Pagellus bogaraveo,muscle
861,Pagellus erythrinus,finfish,Pandora_wild_fillet_raw,Pagellus erythrinus,muscle
863,Pagellus erythrinus,finfish,Common_pandora_wild_ventral_and_dorsal_muscle_flesh_raw,Pagellus erythrinus,muscle
867,Pagrus pagrus,finfish,Red_porgy_wild_muscle_flesh_frozen,Pagrus pagrus,muscle
868,Pagrus pagrus,finfish,Red_porgy_wild_muscle_flesh_raw,Pagrus pagrus,muscle
948,Parophrys vetulus,finfish,English_sole_wild_fillet_raw,Parophrys vetulus,muscle
1130,Pegusa lascaris,finfish,Sand_sole_wild_fillet_raw,Pegusa lascaris,muscle
66,Perca fluviatilis,finfish,European_perch_wild_skinless_fillet_raw,Perca fluviatilis,muscle-skinless
102,Perca fluviatilis,finfish,European_perch_wild_skinless_fillet_raw,Perca fluviatilis,muscle-skinless
147,Perca fluviatilis,finfish,European_perch_wild_skinless_fillet_raw,Perca fluviatilis,muscle-skinless
920,Perca fluviatilis,finfish,Eurasian_perch_wild_muscle_fillet_raw,Perca fluviatilis,muscle
921,Perca fluviatilis,finfish,Eurasian_perch_wild_muscle_fillet_raw,Perca fluviatilis,muscle
922,Perca fluviatilis,finfish,Eurasian_perch_wild_muscle_fillet_raw,Perca fluviatilis,muscle
923,Perca fluviatilis,finfish,Eurasian_perch_wild_muscle_fillet_raw,Perca fluviatilis,muscle
924,Perca fluviatilis,finfish,Eurasian_perch_wild_muscle_fillet_raw,Perca fluviatilis,muscle
925,Perca fluviatilis,finfish,Eurasian_perch_wild_muscle_fillet_raw,Perca fluviatilis,muscle
926,Perca fluviatilis,finfish,Eurasian_perch_wild_muscle_fillet_raw,Perca fluviatilis,muscle
927,Perca fluviatilis,finfish,Eurasian_perch_wild_muscle_fillet_raw,Perca fluviatilis,muscle
928,Perca fluviatilis,finfish,Eurasian_perch_wild_muscle_fillet_raw,Perca fluviatilis,muscle
929,Perca fluviatilis,finfish,Eurasian_perch_wild_muscle_fillet_raw,Perca fluviatilis,muscle
203,Perca fluviatilis,finfish,European_perch_wild_dorsal_muscle_raw,Perca fluviatilis,muscle
209,Perca fluviatilis,finfish,European_perch_wild_dorsal_muscle_raw,Perca fluviatilis,muscle
243,Perca fluviatilis,finfish,European_perch_wild_dorsal_muscle_raw,Perca fluviatilis,muscle
251,Perca fluviatilis,finfish,European_perch_wild_dorsal_muscle_raw,Perca fluviatilis,muscle
261,Perca fluviatilis,finfish,European_perch_wild_dorsal_muscle_raw,Perca fluviatilis,muscle
912,Perca fluviatilis,finfish,Perch_wild_skinless_fillet_raw,Perca fluviatilis,muscle-skinless
913,Perca fluviatilis,finfish,Perch_wild_skinless_fillet_raw,Perca fluviatilis,muscle-skinless
914,Perca fluviatilis,finfish,Perch_wild_skinless_fillet_raw,Perca fluviatilis,muscle-skinless
915,Perca fluviatilis,finfish,Perch_wild_skinless_fillet_raw,Perca fluviatilis,muscle-skinless
916,Perca fluviatilis,finfish,Perch_wild_skinless_fillet_raw,Perca fluviatilis,muscle-skinless
917,Perca fluviatilis,finfish,Perch_wild_skinless_fillet_raw,Perca fluviatilis,muscle-skinless
918,Perca fluviatilis,finfish,Perch_wild_skinless_fillet_raw,Perca fluviatilis,muscle-skinless
919,Perca fluviatilis,finfish,Perch_wild_skinless_fillet_raw,Perca fluviatilis,muscle-skinless
934,Phycis blennoides,finfish,Forked_hake_wild_skinless_fillet_raw,Phycis blennoides,muscle-skinless
942,Platichthys flesus,finfish,Flounder_wild_skinless_fillet_raw,Platichthys flesus,muscle-skinless
943,Platichthys flesus,finfish,Flounder_wild_skinless_fillet_raw,Platichthys flesus,muscle-skinless
944,Platichthys stellatus,finfish,Starry_flounder_wild_fillet_raw,Platichthys stellatus,muscle
217,Pleurogrammus monopterygius,finfish,Atka_mackerel_wild_fillet_raw,Pleurogrammus monopterygius,muscle
947,Pleuronectes platessa,finfish,European_plaice_wild_fillet_with_skin_raw,Pleuronectes platessa,muscle
174,Pleuronectes platessa,finfish,European_plaice_wild_fillet_with_skin_raw,Pleuronectes platessa,muscle
945,Pleuronectes platessa,finfish,Plaice_wild_skinless_fillet_raw,Pleuronectes platessa,muscle-skinless
946,Pleuronectes platessa,finfish,Plaice_wild_skinless_fillet_raw,Pleuronectes platessa,muscle-skinless
950,Pogonias cromis,finfish,Black_drum_wild_fillet_raw,Pogonias cromis,muscle
953,Pollachius virens,finfish,Pollock_saithe_wild_fillet_raw,Pollachius virens,muscle
254,Pollachius virens,finfish,Pollock_saithe_wild_fillet_raw,Pollachius virens,muscle
954,Pollachius virens,finfish,Saithe_wild_skinless_fillet_raw,Pollachius virens,muscle-skinless
955,Pollachius virens,finfish,Saithe_wild_skinless_fillet_raw,Pollachius virens,muscle-skinless
956,Polyprion oxygeneios,finfish,Hapauku_wild_skinless_fillet_frozen,Polyprion oxygeneios,muscle-skinless
957,Pomatomus saltatrix,finfish,Bluefish_adult_fish_muscle_flesh_middle_portion_raw,Pomatomus saltatrix,muscle
180,Pseudoplatystoma fasciatum,finfish,Sorubim_wild_boneless_skinless_fillet_raw,Pseudoplatystoma fasciatum,muscle-skinless
977,Pseudoplatystoma fasciatum,finfish,Barred_sorubim_wild_muscle_flesh_raw,Pseudoplatystoma fasciatum,muscle
978,Pseudoplatystoma fasciatum,finfish,Barred_sorubim_wild_muscle_flesh_raw,Pseudoplatystoma fasciatum,muscle
279,Reinhardtius hippoglossoides,finfish,Greenland_halibut_wild_fillet_raw,Reinhardtius hippoglossoides,muscle
992,Reinhardtius hippoglossoides,finfish,Greenland_halibut_wild_skinless_fillet_raw,Reinhardtius hippoglossoides,muscle-skinless
993,Reinhardtius hippoglossoides,finfish,Greenland_halibut_wild_skinless_fillet_raw,Reinhardtius hippoglossoides,muscle-skinless
994,Rhizoprionodon terraenovae,finfish,Atlantic_sharpnose_shark_wild_fillet_along_dorsal_line_raw,Rhizoprionodon terraenovae,muscle
995,Rutilus frisii,finfish,Kutum_wild_muscle_tissue_raw,Rutilus frisii,muscle
996,Rutilus frisii,finfish,Caspian_kutum_wild_edible_flesh_raw,Rutilus frisii kutum,muscle
269,Rutilus frisii,finfish,Caspian_kutum_wild_edible_flesh_raw,Rutilus frisii kutum,muscle
186,Rutilus rutilus,finfish,Roach_wild_dorsal_muscle_raw,Rutilus rutilus,muscle
199,Rutilus rutilus,finfish,Roach_wild_dorsal_muscle_raw,Rutilus rutilus,muscle
201,Rutilus rutilus,finfish,Roach_wild_dorsal_muscle_raw,Rutilus rutilus,muscle
223,Rutilus rutilus,finfish,Roach_wild_dorsal_muscle_raw,Rutilus rutilus,muscle
227,Rutilus rutilus,finfish,Roach_wild_dorsal_muscle_raw,Rutilus rutilus,muscle
998,Rutilus rutilus,finfish,Roach_wild_skinless_fillet_raw,Rutilus rutilus,muscle-skinless
999,Salmo salar,finfish,Baltic_salmon_wild_skinless_fillet_raw,Salmo salar,muscle-skinless
1000,Salmo salar,finfish,Salmon_wild_skinless_fillet_raw,Salmo salar,muscle-skinless
1001,Salmo salar,finfish,Salmon_wild_skinless_fillet_raw,Salmo salar,muscle-skinless
228,Salvelinus fontinalis,finfish,Brook_trout_wild_female_flesh_raw,Salvelinus fontinalis,muscle
283,Salvelinus fontinalis,finfish,Brook_trout_wild_female_flesh_raw,Salvelinus fontinalis,muscle
284,Salvelinus namaycush,finfish,Lake_trout_wild_female_flesh_raw,Salvelinus namaycush,muscle
68,Sander lucioperca,finfish,Zander_wild_fillet_frozen,Sander lucioperca,muscle
73,Sander lucioperca,finfish,Zander_wild_fillet_frozen,Sander lucioperca,muscle
1002,Sander lucioperca,finfish,Pike_perch_wild_skinless_fillet_raw,Sander lucioperca,muscle-skinless
1004,Sander lucioperca,finfish,Zander_wild_fillet_raw,Sander lucioperca,muscle
1005,Sander lucioperca,finfish,Zander_wild_fillet_raw,Sander lucioperca,muscle
1008,Sander lucioperca,finfish,Pike_perch_wild_edible_flesh_raw,Sander lucioperca,muscle
1009,Sander lucioperca,finfish,Zander_wild_muscle_tissue_raw,Sander lucioperca,muscle
216,Sander lucioperca,finfish,Pike_perch_wild_edible_flesh_raw,Sander lucioperca,muscle
1003,Sander lucioperca,finfish,Pike_perch_wild_boneless_fillet_raw,Sander lucioperca,muscle
1031,Sardinella aurita,finfish,Round_sardinella_wild_whole_fish_raw,Sardinella aurita,whole
1038,Sardinella aurita,finfish,Sardine_wild_fillet_raw,Sardinella aurita,muscle
1039,Sardinella aurita,finfish,Round_sardinella_red_muscle_flesh_raw,Sardinella aurita,muscle
1040,Sardinella aurita,finfish,Round_sardinella_white_muscle_flesh_raw,Sardinella aurita,muscle
1030,Sardinella aurita,finfish,Round_sardinella_wild_whole_fish_raw,Sardinella aurita,whole
1032,Sardinella aurita,finfish,Round_sardinella_wild_whole_fish_raw,Sardinella aurita,whole
1033,Sardinella aurita,finfish,Round_sardinella_wild_whole_fish_raw,Sardinella aurita,whole
1034,Sardinella aurita,finfish,Round_sardinella_wild_whole_fish_raw,Sardinella aurita,whole
1035,Sardinella aurita,finfish,Round_sardinella_wild_whole_fish_raw,Sardinella aurita,whole
1036,Sardinella aurita,finfish,Round_sardinella_wild_whole_fish_raw,Sardinella aurita,whole
1037,Sardinella aurita,finfish,Round_sardinella_wild_whole_fish_raw,Sardinella aurita,whole
1046,Sardinops sagax,finfish,Sardine_wild_whole_fish_raw,Sardinops sagax,whole
106,Scardinius erythrophthalmus,finfish,Rudd_wild_skinless_fillet_raw,Scardinius erythrophthalmus,muscle-skinless
123,Scardinius erythrophthalmus,finfish,Rudd_wild_skinless_fillet_raw,Scardinius erythrophthalmus,muscle-skinless
1053,Scomber japonicus,finfish,Chub_mackerel_wild_skinless_fillet_raw,Scomber japonicus,muscle-skinless
1054,Scomber japonicus,finfish,Chub_mackerel_wild_fillet_frozen,Scomber japonicus,muscle
1055,Scomber japonicus,finfish,Chub_mackerel_wild_skinless_fillet_raw,Scomber japonicus,muscle-skinless
1056,Scomber japonicus,finfish,Mackerel_wild_skinless_muscle_tissue_raw,Scomber japonicus,muscle-skinless
1057,Scomber japonicus,finfish,Chub_mackerel_wild_fillet_frozen,Scomber japonicus,muscle
1058,Scomber japonicus,finfish,Chub_mackerel_wild_skinless_fillet_raw,Scomber japonicus,muscle-skinless
1059,Scomber japonicus,finfish,Chub_mackerel_wild_fillet_frozen,Scomber japonicus,muscle
1066,Scomber japonicus,finfish,Chub_mackerel_wild_edible_flesh_raw,Scomber japonicus/colias,muscle
1065,Scomber scombrus,finfish,Atlantic_mackerel_wild_edible_flesh_raw,Scomber scombrus,muscle
1060,Scomber scombrus,finfish,Atlantic_macerel_wild_fillet_less_skin_raw,Scomber scombrus,muscle
1061,Scomber scombrus,finfish,Atlantic_mackerel_wild_edible_flesh_raw,Scomber scombrus,muscle
1062,Scomber scombrus,finfish,Atlantic_macerel_wild_fillet_less_skin_raw,Scomber scombrus,muscle
1063,Scomber scombrus,finfish,Mackerel_wild_skinless_fillet_raw,Scomber scombrus,muscle-skinless
1064,Scomber scombrus,finfish,Mackerel_wild_skinless_fillet_raw,Scomber scombrus,muscle-skinless
1067,Scomberomorus commerson,finfish,Spanish_mackerel_portion_raw,Scomberomorus commerson,muscle
972,Scophthalmus maximus,finfish,Turbot_wild_fillet_without_visible_fat_raw,Scophthalmus maximus,muscle
1071,Scophthalmus rhombus,finfish,Brill_wild_skinless_fillet_raw,Scophthalmus rhombus,muscle-skinless
1072,Scophthalmus rhombus,finfish,Brill_wild_skinless_fillet_raw,Scophthalmus rhombus,muscle-skinless
1074,Scorpaena porcus,finfish,Black_scorpionfish_wild_fillet_raw,Scorpaena porcus,muscle
1075,Scorpaena porcus,finfish,Black_scorpionfish_wild_fillet_raw,Scorpaena porcus,muscle
2007,Scorpaena porcus,finfish,brown scorpion fish,Scorpaena porcus,muscle
1073,Scorpaena porcus,finfish,Black_scorpionfish_wild_fillet_raw,Scorpaena porcus,muscle
1084,Sebastes caurinus,finfish,Ocean_perch_wild_fillet_raw,Sebastes caurinus,muscle
1085,Sebastes caurinus,finfish,Ocean_perch_wild_fillet_raw,Sebastes caurinus,muscle
1086,Sebastes caurinus,finfish,Ocean_perch_wild_fillet_raw,Sebastes caurinus,muscle
1087,Sebastes caurinus,finfish,Ocean_perch_wild_fillet_raw,Sebastes caurinus,muscle
1089,Sebastes caurinus,finfish,Ocean_perch_wild_fillet_raw,Sebastes caurinus,muscle
224,Sebastes caurinus,finfish,Ocean_perch_wild_fillet_raw,Sebastes caurinus,muscle
1082,Sebastes caurinus,finfish,Golden_redfish_wild_skinless_fillet_raw,Sebastes caurinus,muscle-skinless
1083,Sebastes caurinus,finfish,Golden_redfish_wild_skinless_fillet_raw,Sebastes caurinus,muscle-skinless
1081,Sebastes flavidus,finfish,Yellowtail_rockfish_wild_fillet_raw,Sebastes flavidus,muscle
1090,Sebastes melanops,finfish,Black_rockfish_wild_fillet_raw,Sebastes melanops,muscle
233,Sebastes mentella,finfish,Deepwater_redfish_wild_fillet_raw,"Sebastes mentella Travin, 1951_",muscle
1091,Sebastes mentella,finfish,Beaked_redfish_wild_skinless_fillet_raw,Sebastes mentella,muscle-skinless
1092,Sebastes mentella,finfish,Beaked_redfish_wild_skinless_fillet_raw,Sebastes mentella,muscle-skinless
1094,Sebastes pinniger,finfish,Canary_rock_Fish_wild_skinless_fillet_raw,Sebastes pinniger,muscle-skinless
1093,Sebastes pinniger,finfish,Orange_rockfish_wild_fillet_raw,Sebastes pinniger,muscle
167,Sebastes ruberrimus,finfish,Yelloweye_rockfish,Sebastes ruberrimus,muscle
1095,Sebastes viviparus,finfish,Red_fish_wild_skinless_fillet_raw,Sebastes viviparus,muscle-skinless
1096,Sebastes viviparus,finfish,Red_fish_wild_skinless_fillet_raw,Sebastes viviparus,muscle-skinless
1126,Sillago sihama,finfish,silver_sillago_wild_fillet_raw,Sillago sihama,muscle
1128,Silurus glanis,finfish,Wels_catfish_wild_muscle_tissue_raw,Silurus glanis,muscle
1129,Silurus glanis,finfish,Sheatfish_wild_skinless_boneless_fillet_raw,Silurus glanis,muscle-skinless
176,Silurus glanis,finfish,Sheatfish_wild_skinless_fillet_raw,Silurus glanis,muscle-skinless
182,Silurus glanis,finfish,Sheatfish_wild_skinless_fillet_raw,Silurus glanis,muscle-skinless
1127,Silurus glanis,finfish,European_catfish_wild_boneless_fillet_raw,Silurus glanis,muscle
1133,Solea solea,finfish,Common_sole_wild_fillet_raw,Solea solea,muscle
1137,Sparus aurata,finfish,Gilthead_sea_bream_wild_skinless_fillet_raw,Sparus aurata,muscle-skinless
1138,Sparus aurata,finfish,Gilthead_sea_bream_wild_skinless_fillet_raw,Sparus aurata,muscle-skinless
1148,Spondyliosoma cantharus,finfish,Black_seabream_wild_fully_grown_muscle_tissue_raw,Spondyliosoma cantharus,muscle
1150,Sprattus sprattus,finfish,Sprat_wild_skinless_fillet_raw,Sprattus sprattus,muscle-skinless
1151,Sprattus sprattus,finfish,Sprat_wild_skinless_fillet_raw,Sprattus sprattus,muscle-skinless
1152,Squalus acanthias,finfish,Spiny_dogfish_wild_skinless_fillet_frozen,Squalus acanthias,muscle-skinless
205,Thunnus alalunga,finfish,Albacore_tuna_wild_white_muscle_flesh_caudal_end_skinless_boneless_raw,Thunnus alalunga,muscle-skinless
1173,Thunnus alalunga,finfish,Albacore_tuna_wild_white_meat_raw,Thunnus alalunga,muscle
1174,Thunnus alalunga,finfish,White_tuna_wild_white_meat_raw,Thunnus alalunga,muscle
1176,Thunnus thynnus,finfish,Atlantic_bluefin_tuna_adult_fish_muscle_flesh_middle_portion_raw,Thunnus thynnus,muscle
1177,Thymallus arcticus,finfish,Serbian_grayling_wild_muscle_tissues_below_dorsal_fin_fillet_raw,Thymallus arcticus,muscle
1178,Thymallus arcticus,finfish,Serbian_grayling_wild_muscle_tissues_below_dorsal_fin_fillet_raw,Thymallus arcticus,muscle
1179,Thymallus arcticus,finfish,Serbian_grayling_wild_muscle_tissues_below_dorsal_fin_fillet_raw,Thymallus arcticus,muscle
1180,Thymallus arcticus,finfish,Serbian_grayling_wild_muscle_tissues_below_dorsal_fin_fillet_raw,Thymallus arcticus,muscle
1181,Thymallus arcticus,finfish,Serbian_grayling_wild_muscle_tissues_below_dorsal_fin_fillet_raw,Thymallus arcticus,muscle
1182,Thymallus arcticus,finfish,Serbian_grayling_wild_muscle_tissues_below_dorsal_fin_fillet_raw,Thymallus arcticus,muscle
1183,Thymallus arcticus,finfish,Serbian_grayling_wild_muscle_tissues_below_dorsal_fin_fillet_raw,Thymallus arcticus,muscle
1184,Thymallus arcticus,finfish,Serbian_grayling_wild_muscle_tissues_below_dorsal_fin_fillet_raw,Thymallus arcticus,muscle
1185,Thymallus arcticus,finfish,Serbian_grayling_wild_muscle_tissues_below_dorsal_fin_fillet_raw,Thymallus arcticus,muscle
1186,Thymallus arcticus,finfish,Serbian_grayling_wild_muscle_tissues_below_dorsal_fin_fillet_raw,Thymallus arcticus,muscle
1187,Thymallus arcticus,finfish,Serbian_grayling_wild_muscle_tissues_below_dorsal_fin_fillet_raw,Thymallus arcticus,muscle
1188,Thymallus arcticus,finfish,Serbian_grayling_wild_muscle_tissues_below_dorsal_fin_fillet_raw,Thymallus arcticus,muscle
1189,Thymallus arcticus,finfish,Serbian_grayling_wild_muscle_tissues_below_dorsal_fin_fillet_raw,Thymallus arcticus,muscle
1190,Thymallus arcticus,finfish,Serbian_grayling_wild_muscle_tissues_below_dorsal_fin_fillet_raw,Thymallus arcticus,muscle
1191,Thymallus arcticus,finfish,Serbian_grayling_wild_muscle_tissues_below_dorsal_fin_fillet_raw,Thymallus arcticus,muscle
1192,Thymallus arcticus,finfish,Serbian_grayling_wild_muscle_tissues_below_dorsal_fin_fillet_raw,Thymallus arcticus,muscle
1193,Thymallus arcticus,finfish,Serbian_grayling_wild_muscle_tissues_below_dorsal_fin_fillet_raw,Thymallus arcticus,muscle
1194,Thymallus arcticus,finfish,Serbian_grayling_wild_muscle_tissues_below_dorsal_fin_fillet_raw,Thymallus arcticus,muscle
1195,Thymallus arcticus,finfish,Serbian_grayling_wild_muscle_tissues_below_dorsal_fin_fillet_raw,Thymallus arcticus,muscle
1196,Thymallus arcticus,finfish,Serbian_grayling_wild_muscle_tissues_below_dorsal_fin_fillet_raw,Thymallus arcticus,muscle
1197,Thymallus arcticus,finfish,Serbian_grayling_wild_muscle_tissues_below_dorsal_fin_fillet_raw,Thymallus arcticus,muscle
1198,Thymallus arcticus,finfish,Serbian_grayling_wild_muscle_tissues_below_dorsal_fin_fillet_raw,Thymallus arcticus,muscle
1199,Thymallus arcticus,finfish,Serbian_grayling_wild_muscle_tissues_below_dorsal_fin_fillet_raw,Thymallus arcticus,muscle
1200,Thymallus arcticus,finfish,Serbian_grayling_wild_muscle_tissues_below_dorsal_fin_fillet_raw,Thymallus arcticus,muscle
1201,Thymallus arcticus,finfish,Serbian_grayling_wild_muscle_tissues_below_dorsal_fin_fillet_raw,Thymallus arcticus,muscle
1214,Tinca tinca,finfish,Tench_wild_muscle_tissue_raw,Tinca tinca,muscle
92,Tinca tinca,finfish,Tench_wild_skinless_fillet_raw,Tinca tinca,muscle-skinless
114,Tinca tinca,finfish,Tench_wild_skinless_fillet_raw,Tinca tinca,muscle-skinless
1239,Trachurus trachurus,finfish,Horse_mackerel_wild_skinless_fillet_raw,Trachurus trachurus,muscle-skinless
1241,Trachurus trachurus,finfish,Horse_mackerel_wild_skinless_fillet_raw,Trachurus trachurus,muscle-skinless
1242,Trachurus trachurus,finfish,Horse_mackerel_wild_skinless_fillet_raw,Trachurus trachurus,muscle-skinless
1244,Trachurus trachurus,finfish,Horse_mackerel_wild_edible_flesh_raw,Trachurus trachurus,muscle
1246,Trachurus trachurus,finfish,Horse_mackerel_wild_edible_flesh_raw,Trachurus trachurus,muscle
1247,Trachurus trachurus,finfish,Horse_mackerel_wild_edible_flesh_raw,Trachurus trachurus,muscle
1248,Trachurus trachurus,finfish,Horse_mackerel_wild_edible_flesh_raw,Trachurus trachurus,muscle
1249,Trachurus trachurus,finfish,Horse_mackerel_wild_edible_flesh_raw,Trachurus trachurus,muscle
1250,Trachurus trachurus,finfish,Horse_mackerel_wild_edible_flesh_raw,Trachurus trachurus,muscle
1251,Trachurus trachurus,finfish,Horse_mackerel_wild_skinless_fillet_raw,Trachurus trachurus,muscle-skinless
1252,Trachurus trachurus,finfish,Horse_mackerel_wild_edible_flesh_raw,Trachurus trachurus,muscle
1253,Trachurus trachurus,finfish,Horse_mackerel_wild_edible_flesh_raw,Trachurus trachurus,muscle
1254,Trachurus trachurus,finfish,Scad/Horse_mackerel_wild_edible_flesh_raw,Trachurus trachurus,muscle
1256,Trachurus trachurus,finfish,Horse_mackerel_wild_skinless_fillet_raw,Trachurus trachurus,muscle-skinless
1257,Trachurus trachurus,finfish,Horse_mackerel_wild_edible_flesh_raw,Trachurus trachurus,muscle
1258,Trachurus trachurus,finfish,Horse_mackerel_wild_edible_flesh_raw,Trachurus trachurus,muscle
1259,Trachurus trachurus,finfish,Horse_mackerel_wild_edible_flesh_raw,Trachurus trachurus,muscle
1243,Trachurus trachurus,finfish,Atlantic_horse_mackerel_adult_fish_muscle_flesh_middle_portion_raw,Trachurus trachurus,muscle
27,Trachurus trachurus,finfish,Horse_mackerel_wild_muscle_tissue_raw,Trachurus trachurus,muscle
33,Trachurus trachurus,finfish,Horse_mackerel_wild_muscle_tissue_raw,Trachurus trachurus,muscle
34,Trachurus trachurus,finfish,Horse_mackerel_wild_muscle_tissue_raw,Trachurus trachurus,muscle
42,Trachurus trachurus,finfish,Horse_mackerel_wild_muscle_tissue_raw,Trachurus trachurus,muscle
45,Trachurus trachurus,finfish,Horse_mackerel_wild_muscle_tissue_raw,Trachurus trachurus,muscle
50,Trachurus trachurus,finfish,Horse_mackerel_wild_muscle_tissue_raw,Trachurus trachurus,muscle
51,Trachurus trachurus,finfish,Horse_mackerel_wild_muscle_tissue_raw,Trachurus trachurus,muscle
54,Trachurus trachurus,finfish,Horse_mackerel_wild_muscle_tissue_raw,Trachurus trachurus,muscle
55,Trachurus trachurus,finfish,Horse_mackerel_wild_muscle_tissue_raw,Trachurus trachurus,muscle
57,Trachurus trachurus,finfish,Horse_mackerel_wild_muscle_tissue_raw,Trachurus trachurus,muscle
58,Trachurus trachurus,finfish,Horse_mackerel_wild_muscle_tissue_raw,Trachurus trachurus,muscle
64,Trachurus trachurus,finfish,Horse_mackerel_wild_muscle_tissue_raw,Trachurus trachurus,muscle
1238,Trachurus trachurus,finfish,Scad/Horse_mackerel_wild_edible_flesh_raw,Trachurus trachurus,muscle
1240,Trachurus trachurus,finfish,Scad/Horse_mackerel_wild_edible_flesh_raw,Trachurus trachurus,muscle
1245,Trachurus trachurus,finfish,Horse_mackerel_wild_skinless_fillet_raw,Trachurus trachurus,muscle-skinless
1255,Trachurus trachurus,finfish,Horse_mackerel_wild_skinless_fillet_raw,Trachurus trachurus,muscle-skinless
1263,Trichiurus lepturus,finfish,Largehead_hairtail_adult_fish_muscle_flesh_middle_portion_raw,Trichiurus lepturus,muscle
1262,Trichiurus lepturus,finfish,Largehead_hairtail_wild_edible_portion_raw,Trichiurus lepturus,muscle
159,Xiphias gladius,finfish,Swordfish_wild_white_muscle_flesh_caudal_end_skinless_boneless_raw,Xiphias gladius,muscle-skinless
2011,Zeus faber,finfish,John Dory,Zeus faber,muscle
1271,Zeus faber,finfish,Jhan_Dory_wild_edible_flesh_raw,Zeus faber,muscle
289,Abramis sp.,finfish,Bream_wild_skinless_fillet_raw,Abramis sp.,muscle-skinless
1147,Acanthurus lineatus,finfish,Black_bream_wild_edible_flesh_raw,Acanthurus lineatus,muscle
292,Alectis alexandrina,finfish,African_threadfish_wild_fillet_raw,Alectis alexandrina,muscle
294,Alepocephalus agassizii,finfish,Smooth_head_wild_dorsal_muscle_raw,Alepocephalus agassizii,muscle
293,Alepocephalus bairdii,finfish,Smooth_head_wild_dorsal_muscle_raw,Alepocephalus bairdii,muscle
296,Aluterus monoceros,finfish,Unicorn_leatherjacket_filefish_adult_fish_muscle_flesh_middle_portion_raw,Aluterus monoceros,muscle
311,Anabas testudineus,finfish,Climbing_perch_wild_edible_portion_raw,Anabas testudineus,muscle
312,Anabas testudineus,finfish,Climbing_perch_wild_boneless_skinless_fillet_raw,Anabas testudineus,muscle-skinless
313,Anabas testudineus,finfish,Climbing_perch_wild_boneless_skinless_fillet_raw,Anabas testudineus,muscle-skinless
314,Anabas testudineus,finfish,Climbing_perch_wild_boneless_skinless_fillet_raw,Anabas testudineus,muscle-skinless
1964,Anabas testudineus,finfish,Koi,Anabas testudineus,muscle
320,Anchoa hepsetus,finfish,Broad-striped_anchovy_wild_edible_portion_raw,Anchoa hepsetus,muscle
323,Anguilla japonica,finfish,Japanese_eel_wild_dorsal_muscle_raw,Anguilla japonica,muscle
327,Ariomma bondi,finfish,silver_rag_wild_fillet_frozen,Ariomma bondi,muscle
328,Ariomma bondi,finfish,silver_rag_wild_fillet_frozen,Ariomma bondi,muscle
362,Auxis thazard,finfish,Frigate_tuna_wild_ventral_muscle_raw,Auxis thazard,muscle
363,Auxis thazard,finfish,Frigate_tuna_wild_dorsal_muscle_raw,Auxis thazard,muscle
361,Auxis thazard thazard,finfish,Frigate_tuna_adult_fish_muscle_flesh_middle_portion_raw,Auxis thazard thazard,muscle
368,Balistes capriscus,finfish,Grey_triggerfish_wild_fillet_raw,Balistes capriscus,muscle
367,Balistes capriscus,finfish,Grey_triggerfish_wild_edible_portion_raw,Balistes capriscus,muscle
16,Barbonymus altus,finfish,cleaned_fish_raw,Barbonymus altus,muscle
375,Boops boops,finfish,Bogue_wild_fillet_raw,Boops boops,muscle
376,Boops boops,finfish,Bogue_seabream_wild_edible_flesh_raw,Boops boops,muscle
372,Boops boops,finfish,Bogue_seabream_wild_edible_flesh_raw,Boops boops,muscle
373,Boops boops,finfish,Bogue_seabream_wild_edible_flesh_raw,Boops boops,muscle
374,Boops boops,finfish,Bogue_seabream_wild_edible_flesh_raw,Boops boops,muscle
377,Bothus podas,finfish,Wide-eyed_flounder_wild_fillet_raw,Bothus podas,muscle
260,Brama japonica,finfish,Pomfret_wild_fillet_raw,Brama japonica,muscle
379,Brevoortia aurea,finfish,Brazilian_menhaden_adult_fish_muscle_flesh_middle_portion_raw,Brevoortia aurea,muscle
386,Caranx crysos,finfish,Blue_runner_wild_fillet_raw,Caranx crysos,muscle
387,Caranx crysos,finfish,Blue_runner_adult_fish_muscle_flesh_middle_portion_raw,Caranx crysos,muscle
378,Caulolatilus intermedius,finfish,Gulf_bareye_tilefish_wild_edible_portion_raw,Caulolatilus intermedius,muscle
392,Centrophorus squamosus,finfish,Leafscale_gulper_shark_wild_dorsal_muscle_raw,Centrophorus squamosus,muscle
393,Centroscyllium fabricii,finfish,Black_dogfish_wild_dorsal_muscle_raw,Centroscyllium fabricii,muscle
394,Centroscymnus coelolepis,finfish,Portuguese_dogfish_wild_dorsal_muscle_raw,Centroscymnus coelolepis,muscle
403,Chaenocephalus aceratus,finfish,Blackfin_icefish_Icefish_adult_fish_muscle_flesh_middle_portion_raw,Chaenocephalus aceratus,muscle
402,Chaenocephalus aceratus,finfish,Blackfin_icefish_wild_fillet_belly_flaps_removed_raw,Chaenocephalus aceratus,muscle
1977,Channa marulius,finfish,Gojar,Channa marulius,muscle
3,Channa marulius,finfish,cleaned_fish_raw,Channa marulius,muscle
10,Channa micropeltes,finfish,Indonesian_snakehead_cleaned_fish_raw,Channa micropeltes,muscle
410,Channa punctata,finfish,Spotted_snakehead_wild_edible_portion_raw,Channa punctata,muscle
421,Chelidonichthys lucerna,finfish,Tub_gurnard_wild_boneless_skinless_fillet_raw,Chelidonichthys lucerna,muscle-skinless
422,Chelidonichthys lucerna,finfish,Tub_gurnard_wild_boneless_skinless_fillet_raw,Chelidonichthys lucerna,muscle-skinless
423,Chelidonichthys lucerna,finfish,Tub_gurnard_wild_boneless_skinless_fillet_raw,Chelidonichthys lucerna,muscle-skinless
430,Chirocentrus dorab,finfish,Dorab_wolfherring_wild_fillet_raw,Chirocentrus dorab,muscle
432,Clarias batrachus,finfish,Philippine_catfish_wild_edible_portion_raw,Clarias batrachus,muscle
44,Clarias batrachus,finfish,Walking_catfish_wild_skin-on_fillet_raw,Clarias batrachus,muscle
1966,Clarias batrachus,finfish,Magur,Clarias batrachus,muscle
446,Clarias macrocephalus,finfish,Walking_catfish_wild_boneless_skinless_fillet_raw,Clarias macrocephalus,muscle-skinless
447,Clarias macrocephalus,finfish,Walking_catfish_wild_boneless_skinless_fillet_raw,Clarias macrocephalus,muscle-skinless
448,Clarias macrocephalus,finfish,Walking_catfish_wild_boneless_skinless_fillet_raw,Clarias macrocephalus,muscle-skinless
445,Clarias macrocephalus,finfish,Walking_catfish_wild_muscle_fillet_raw,Clarias macrocephalus,muscle
270,Coregonus clupeaformis,finfish,Whitefish_wild_female_flesh_raw,Coregonus clupeaformis,muscle
280,Coregonus clupeaformis,finfish,Whitefish_wild_female_flesh_raw,Coregonus clupeaformis,muscle
281,Coregonus clupeaformis,finfish,Whitefish_wild_female_flesh_raw,Coregonus clupeaformis,muscle
494,Cynoscion jamaicensis,finfish,Jamaica_weakfish_adult_fish_muscle_flesh_middle_portion_raw,Cynoscion jamaicensis,muscle
512,Dasyatis sabina,finfish,Atlantic_stingray_wild_male_fillet_center_of_pectoral_fin_raw,Dasyatis sabina,muscle
513,Dasyatis sabina,finfish,Atlantic_stingray_wild_male_fillet_center_of_pectoral_fin_raw,Dasyatis sabina,muscle
514,Deania calcea,finfish,Birdbeak_dogfish_wild_dorsal_muscle_raw,Deania calcea,muscle
518,Dentex maroccanus,finfish,Morocco_dentex_wild_ventral_and_dorsal_muscle_flesh_raw,Dentex maroccanus,muscle
12,Dermogenys pusilla,finfish,cleaned_fish_raw,Dermogenys pusilla,muscle
527,Diplodus puntazzo,finfish,Sharp-snout_sea_bream_wild_fillet_raw,Diplodus puntazzo,muscle
528,Diplodus puntazzo,finfish,Sharpsnout_sea_bream_young_<1yr_wild_dorsal_white_muscle_raw,Diplodus puntazzo,muscle
529,Diplodus puntazzo,finfish,Sharpsnout_seabream_wild_fillet_raw,Diplodus puntazzo,muscle
539,Diplodus vulgaris,finfish,Common_two-banded_seabream_wild_fillet_raw,Diplodus vulgaris,muscle
2000,Eleutheronema tetradactylum,finfish,Tailla,Eleutheronema tetradactylum,muscle
544,Eleutheronema tetradactylum,finfish,Fourfinger_threadfin_wild_fillet_raw,Eleutheronema tetradactylum,muscle
545,Elops saurus,finfish,Ladyfish_wild_edible_portion_raw,Elops saurus,muscle
25,Esomus longimanus,finfish,cleaned_fish_raw,Esomus longimanus,muscle
584,Euthynnus alletteratus,finfish,Little_tuna_wild_red_muscle_flesh_raw,Euthynnus alletteratus,muscle
585,Euthynnus alletteratus,finfish,Little_tuna_wild_red_muscle_flesh_raw,Euthynnus alletteratus,muscle
586,Euthynnus alletteratus,finfish,Little_tuna_wild_white_muscle_flesh_cephalal_and_caudal_ventral_and_dorsal_raw,Euthynnus alletteratus,muscle
587,Euthynnus alletteratus,finfish,Little_tuna_wild_white_muscle_flesh_cephalal_and_caudal_ventral_and_dorsal_raw,Euthynnus alletteratus,muscle
588,Euthynnus alletteratus,finfish,Little_tuna_wild_white_muscle_flesh_cephalal_and_caudal_ventral_and_dorsal_raw,Euthynnus alletteratus,muscle
589,Euthynnus alletteratus,finfish,Little_tuna_wild_white_muscle_flesh_cephalal_and_caudal_ventral_and_dorsal_raw,Euthynnus alletteratus,muscle
590,Euthynnus alletteratus,finfish,Little_tuna_wild_red_muscle_flesh_raw,Euthynnus alletteratus,muscle
591,Euthynnus alletteratus,finfish,Little_tuna_wild_red_muscle_flesh_raw,Euthynnus alletteratus,muscle
244,Gasterochisma melampus,finfish,Butterfly_tuna_wild_white_muscle_flesh_caudal_end_skinless_boneless_raw,Gasterochisma melampus,muscle-skinless
618,Hemisorubim platyrhynchos,finfish,Jurupoca_wild_skinless_fillet_raw,Hemisorubim platyrhynchos,muscle-skinless
626,Hydrolagus affinis,finfish,Smalleyed_rabbitfish/ghostshark_wild_dorsal_muscle_raw,Hydrolagus affinis,muscle
629,Hyporhamphus ihi,finfish,Garfish_wild_skinless_fillet_frozen,Hyporhamphus ihi,muscle-skinless
2021,Illex coindetii,mollusc,broadtail shorfin squid,Illex coindetii,muscle
632,Isopsetta isolepis,finfish,Butter_sole_wild_fillet_raw,Isopsetta isolepis,muscle
636,Lagocephalus lagocephalus,finfish,Oceanic_puffer_wild_fillet_raw,Lagocephalus lagocephalus,muscle
277,Lampris guttatus,finfish,Moonfish_wild_white_muscle_flesh_caudal_end_skinless_boneless_raw,Lampris guttatus,muscle-skinless
657,Lepidopsetta bilineata,finfish,Rock_sole_wild_skinless_dorsal_fillet_frozen,Lepidopsetta bilineata,muscle-skinless
669,Liza aurata,finfish,Golden_grey_mullet_wild_edible_flesh_raw,Liza aurata,muscle
670,Liza aurata,finfish,Golden_grey_mullet_wild_fillet_raw,Liza aurata,muscle
274,Liza aurata,finfish,Golden_grey_mullet_wild_edible_flesh_raw,Liza aurata,muscle
1999,Liza parsia,finfish,Parse,Liza parsia,muscle
674,Liza ramada,finfish,Thinlip_mullet_wild_fillet_raw,Liza ramada,muscle
671,Liza ramada,finfish,Thinlip_mullet_wild_muscle_tissue_raw,Liza ramada,muscle
672,Liza ramada,finfish,Thinlip_mullet_wild_muscle_tissue_raw,Liza ramada,muscle
673,Liza ramada,finfish,Thinlip_mullet_wild_muscle_tissue_raw,Liza ramada,muscle
675,Liza saliens,finfish,Leaping_mullet_wild_fillet_raw,Liza saliens,muscle
689,Lutjanus argentimaculatus,finfish,Malabar_red_snapper_wild_fillet_raw,Lutjanus argentimaculatus,muscle
690,Lutjanus johnii,finfish,Golden_snapper_wild_fillet_raw,Lutjanus johnii,muscle
691,Lutjanus malabaricus,finfish,Malabar_red_snapper_wild_muscle_fillet_raw,Lutjanus malabaricus,muscle
1947,Mastacembelus armatus,finfish,Baim,Mastacembelus armatus,muscle
712,Megalaspis cordyla,finfish,Hardtail_scad_wild_fillet_raw,Megalaspis cordyla,muscle
720,Merlangius merlangus euxinus,finfish,Whiting_wild_edible_part_raw,Merlangius merlangus euxinus,muscle
30,Monopterus albus,finfish,Swamp_eel_wild_gutted_and_beheaded_raw,Monopterus albus,muscle
759,Mora moro,finfish,Mora/deep-sea_cod_wild_dorsal_muscle_raw,Mora moro,muscle
38,Mormyrus rume,finfish,Mormyrid_wild_skin-on_fillet_incl._bones_raw,Mormyrus rume,muscle
760,Morone saxatilis,finfish,Striped_bass_wild_skinless_fillet_incl._belly_flaps_male_4y_raw,Morone saxatilis,muscle-skinless
761,Morone saxatilis,finfish,Striped_bass_wild_skinless_fillet_incl._belly_flaps_male_4y_raw,Morone saxatilis,muscle-skinless
762,Morone saxatilis,finfish,Striped_bass_wild_skinless_fillet_incl._belly_flaps_male_4-5y_raw,Morone saxatilis,muscle-skinless
763,Morone saxatilis,finfish,Striped_bass_wild_skinless_fillet_incl._belly_flaps_male_4y_raw,Morone saxatilis,muscle-skinless
764,Morone saxatilis,finfish,Striped_bass_wild_skinless_fillet_incl._belly_flaps_male_4y_raw,Morone saxatilis,muscle-skinless
765,Morone saxatilis,finfish,Striped_bass_wild_skinless_fillet_incl._belly_flaps_male_4y_raw,Morone saxatilis,muscle-skinless
766,Morone saxatilis,finfish,Striped_bass_wild_skinless_fillet_incl._belly_flaps_male_2y_raw,Morone saxatilis,muscle-skinless
775,Mugil liza,finfish,Lebranche_mullet_adult_fish_muscle_flesh_middle_portion_raw,Mugil liza,muscle
788,Mycteroperca rubra,finfish,Mottled_grouper_wild_fillet_raw,Mycteroperca rubra,muscle
790,Mystus vittatus,finfish,Striped_dwarf_catfish_wild_edible_portion_raw,Mystus vittatus,muscle
1975,Mystus vittatus,finfish,Tengra,Mystus vittatus,muscle
1967,Nandus nandus,finfish,Meni,Nandus nandus,muscle
796,Nandus nandus,finfish,Gangetic_leaffish_wild_edible_portion_raw,Nandus nandus,muscle
1956,Notopterus notopterus,finfish,Foli,Notopterus notopterus,muscle
866,Pagrus caeruleostictus,finfish,Bluespotted_seabream_wild_fillet_raw,Pagrus caeruleostictus,muscle
865,Pagrus caeruleostictus,finfish,Bluespotted_seabream_wild_ventral_and_dorsal_muscle_flesh_raw,Pagrus caeruleostictus,muscle
1994,Pampus argenteus,finfish,Foli Chanda,Pampus argenteus,muscle
875,Pampus argenteus,finfish,silver_pomfret_wild_fillet_raw,Pampus argenteus,muscle
876,Pampus argenteus,finfish,silver_pomfret_wild_muscle_fillet_raw,Pampus argenteus,muscle
1990,Pangasianodon hypophthalmus,finfish,Majhari Thai Pangas,Pangasianodon hypophthalmus (juvenile),muscle
893,Parastromateus niger,finfish,Black_pomfret_wild_fillet_raw,Parastromateus niger,muscle
894,Parastromateus niger,finfish,Black_pomfret_wild_muscle_fillet_raw,Parastromateus niger,muscle
264,Patagonotothen ramsayi,finfish,Longtail_southern_cod_wild_muscle_frozen,Patagonotothen ramsayi,muscle
896,Patagonotothen ramsayi,finfish,Longtail_southern_cod_wild_muscle_frozen,Patagonotothen ramsayi,muscle
897,Patagonotothen ramsayi,finfish,Longtail_southern_cod_wild_muscle_frozen,Patagonotothen ramsayi,muscle
898,Patagonotothen ramsayi,finfish,Longtail_southern_cod_wild_muscle_frozen,Patagonotothen ramsayi,muscle
899,Patagonotothen ramsayi,finfish,Longtail_southern_cod_wild_muscle_frozen,Patagonotothen ramsayi,muscle
1996,Pennahia argentata,finfish,Lal poa,Johnius argentatus,muscle
285,Perca flavescens,finfish,Yellow_perch_wild_skinless_fillet_raw,Perca flavescens,muscle-skinless
911,Perca flavescens,finfish,Yellow_perch_wild_fillet_raw,Perca flavescens,muscle
936,Phycis phycis,finfish,Forkbeard_wild_fillet_raw,Phycis phycis,muscle
937,Piaractus mesopotamicus,finfish,Pacu_wild_muscle_tissue_raw,Piaractus mesopotamicus,muscle
951,Pollachius pollachius,finfish,Pollack_wild_skinless_fillet_raw,Pollachius pollachius,muscle-skinless
952,Pollachius pollachius,finfish,Pollack_wild_skinless_fillet_raw,Pollachius pollachius,muscle-skinless
959,Pomoxis nigromaculatus,finfish,Black_crappie_wild_fillet_raw,Pomoxis nigromaculatus,muscle
60,Portunus pelagicus,crustacean,Crab_wild_male_meat_raw,Portunus pelagicus,muscle
61,Portunus pelagicus,crustacean,Crab_wild_female_meat_raw,Portunus pelagicus,muscle
960,Portunus pelagicus,crustacean,Blue_swimmer_crab_wild_meat_male_raw,Portunus pelagicus,muscle
961,Portunus pelagicus,crustacean,Blue_swimmer_crab_wild_meat_female_raw,Portunus pelagicus,muscle
962,Portunus pelagicus,crustacean,Swim_crab_wild_claw_meat_raw,Portunus pelagicus,muscle
963,Portunus pelagicus,crustacean,Swim_crab_wild_body_meat_raw,Portunus pelagicus,muscle
202,Prochilodus reticulatus,finfish,Prochilod_wild_boneless_skinless_fillet_raw,Prochilodus reticulatus magdalenae,muscle-skinless
968,Protopterus aethiopicus,finfish,Marbled_lungfish_wild_skinless_boneless_dorsal_muscle_raw,Protopterus aethiopicus,muscle-skinless
969,Protopterus aethiopicus,finfish,Marbled_lungfish_wild_skinless_boneless_dorsal_muscle_raw,Protopterus aethiopicus,muscle-skinless
970,Protopterus aethiopicus,finfish,Marbled_lungfish_wild_skinless_boneless_dorsal_muscle_raw,Protopterus aethiopicus,muscle-skinless
976,Pseudoplatystoma corruscans,finfish,Pintado_wild_muscle_tissue_raw,Pseudoplatystoma corruscans,muscle
17,Puntioplites proctozystron,finfish,cleaned_fish_raw,Puntioplites proctozystron,muscle
982,Puntius brevis,finfish,Swamp_barb_wild_boneless_skinless_fillet_raw,Puntius brevis,muscle-skinless
1976,Puntius ticto,finfish,Tit Punti,Puntius ticto,muscle
2025,Rapana venosa,mollusc,sea snail,Rapana venosa,muscle
987,Rastrelliger brachysoma,finfish,Short-bodied_mackerel_wild_muscle_fillet_raw,Rastrelliger brachysoma,muscle
988,Rastrelliger kanagurta,finfish,Indian_mackerel_wild_fillet_raw,Rastrelliger kanagurta,muscle
989,Rastrineobola argentea,finfish,silver_fish_wild_whole_raw,Rastrineobola argentea,whole
997,Rutilus frissi kutum,finfish,Kutum_wild_muscle_raw,Rutilus frissi kutum,muscle
1011,Sarda orientalis,finfish,Oriental_bonito_wild_dorsal_white_muscle_fillet_raw,Sarda orientalis,muscle
1012,Sarda orientalis,finfish,Oriental_bonito_wild_dorsal_white_muscle_fillet_raw,Sarda orientalis,muscle
1013,Sarda orientalis,finfish,Oriental_bonito_wild_dorsal_white_muscle_fillet_raw,Sarda orientalis,muscle
1014,Sarda sarda,finfish,Bonito_wild_edible_part_raw,Sarda sarda,muscle
1018,Sarda sarda,finfish,Atlantic_bonito_wild_edible_flesh_raw,Sarda sarda,muscle
1017,Sarda sarda,finfish,Atlantic_bonito_adult_fish_muscle_flesh_middle_portion_raw,Sarda sarda,muscle
67,Sarda sarda,finfish,Atlantic_bonito_wild_muscle_tissue_raw,Sarda sarda,muscle
70,Sarda sarda,finfish,Atlantic_bonito_wild_muscle_tissue_raw,Sarda sarda,muscle
79,Sarda sarda,finfish,Atlantic_bonito_wild_muscle_tissue_raw,Sarda sarda,muscle
82,Sarda sarda,finfish,Atlantic_bonito_wild_muscle_tissue_raw,Sarda sarda,muscle
95,Sarda sarda,finfish,Atlantic_bonito_wild_muscle_tissue_raw,Sarda sarda,muscle
118,Sarda sarda,finfish,Atlantic_bonito_wild_muscle_tissue_raw,Sarda sarda,muscle
140,Sarda sarda,finfish,Atlantic_bonito_wild_muscle_tissue_raw,Sarda sarda,muscle
190,Sarda sarda,finfish,Atlantic_bonito_wild_muscle_tissue_raw,Sarda sarda,muscle
191,Sarda sarda,finfish,Atlantic_bonito_wild_muscle_tissue_raw,Sarda sarda,muscle
192,Sarda sarda,finfish,Atlantic_bonito_wild_muscle_tissue_raw,Sarda sarda,muscle
195,Sarda sarda,finfish,Atlantic_bonito_wild_muscle_tissue_raw,Sarda sarda,muscle
230,Sarda sarda,finfish,Atlantic_bonito_wild_muscle_tissue_raw,Sarda sarda,muscle
1015,Sarda sarda,finfish,Atlantic_bonito_wild_edible_flesh_raw,Sarda sarda,muscle
1016,Sarda sarda,finfish,Atlantic_bonito_wild_edible_flesh_raw,Sarda sarda,muscle
1027,Sardina pilchardus,finfish,Sardine_wild_skinless_fillet_raw,Sardina pilchardus,muscle-skinless
1029,Sardina pilchardus,finfish,Sardine_wild_skinless_fillet_raw,Sardina pilchardus,muscle-skinless
1022,Sardina pilchardus,finfish,Sardine_wild_small_size_fillet_raw,Sardina pilchardus,muscle
1023,Sardina pilchardus,finfish,Sardine_wild_large_size_fillet_raw,Sardina pilchardus,muscle
1024,Sardina pilchardus,finfish,Sardine_wild_large_size_fillet_raw,Sardina pilchardus,muscle
1025,Sardina pilchardus,finfish,Sardine_wild_small_size_fillet_raw,Sardina pilchardus,muscle
1028,Sardina pilchardus,finfish,European_pilchard_wild_skinless_fillet_raw,Sardina pilchardus,muscle-skinless
1041,Sardinella brasiliensis,finfish,Brazilian_sardinella_adult_fish_muscle_flesh_middle_portion_raw,Sardinella brasiliensis,muscle
1043,Sardinella maderensis,finfish,Madeiran_sardinella_red_muscle_flesh_raw,Sardinella maderensis,muscle
1044,Sardinella maderensis,finfish,Madeiran_sardinella_white_muscle_flesh_raw,Sardinella maderensis,muscle
1051,Saurida undosquamis,finfish,Brushtooth_lizardfish_wild_fillet_raw,Saurida undosquamis,muscle
1052,Sciaena umbra,finfish,Brown_meagre_wild_fillet_raw,Sciaena umbra,muscle
1997,Scomberomorus guttatus,finfish,Maita,Scomberomorus guttatus,muscle
1068,Scomberomorus guttatus,finfish,Spanish_mackerel_wild_fillet_raw,Scomberomorus guttatus,muscle
1078,Scorpaena scrofa,finfish,Red_scorpionfish_wild_fillet_raw,Scorpaena scrofa,muscle
1079,Scorpaena scrofa,finfish,Red_scorpionfish_wild_fillet_raw,Scorpaena scrofa,muscle
1080,Scorpaena scrofa,finfish,Red_scorpion_fish_wild_fillet_raw,Scorpaena scrofa,muscle
2006,Scorpaena scrofa,finfish,red scorpion fish,Scorpena scrofa,muscle
1076,Scorpaena scrofa,finfish,Scorpionfish_wild_edible_flesh_raw,Scorpaena scrofa,muscle
1077,Scorpaena scrofa,finfish,Red_scorpionfish_wild_fillet_raw,Scorpaena scrofa,muscle
2017,Scyllarides latus,crustacean,shovelnosed lobster,Scyllarides latus,muscle
1097,Selaroides leptolepis,finfish,Yellowstripe_scad_wild_fillet_raw,Selaroides leptolepis,muscle
1098,Selene vomer,finfish,Lookdown_wild_edible_portion_raw,Selene vomer,muscle
1111,Seriolina nigrofasciata,finfish,Black-banded_trevally_wild_muscle_fillet_raw,Seriolina nigrofasciata,muscle
1112,Serranus scriba,finfish,Painted_comber_wild_dorsal_muscle_fillet_skin-on_raw,Serranus scriba,muscle
1113,Serranus scriba,finfish,Painted_comber_wild_dorsal_muscle_fillet_skin-on_raw,Serranus scriba,muscle
1114,Serranus scriba,finfish,Painted_comber_wild_dorsal_muscle_fillet_skin-on_raw,Serranus scriba,muscle
1115,Serranus scriba,finfish,Painted_comber_wild_dorsal_muscle_fillet_skin-on_raw,Serranus scriba,muscle
1116,Serranus scriba,finfish,Painted_comber_wild_dorsal_muscle_fillet_skin-on_raw,Serranus scriba,muscle
1117,Serranus scriba,finfish,Painted_comber_wild_dorsal_muscle_fillet_skin-on_raw,Serranus scriba,muscle
1118,Siganus rivulatus,finfish,Rabbitfish_wild_fillet_raw,Siganus rivulatus,muscle
1119,Siganus rivulatus,finfish,Rabbitfish_wild_fillet_raw,Siganus rivulatus,muscle
1120,Siganus rivulatus,finfish,Rabbitfish_wild_fillet_raw,Siganus rivulatus,muscle
1121,Siganus rivulatus,finfish,Rabbitfish_wild_fillet_raw,Siganus rivulatus,muscle
1122,Siganus rivulatus,finfish,Rabbitfish_wild_fillet_raw,Siganus rivulatus,muscle
1123,Siganus rivulatus,finfish,Rabbitfish_wild_fillet_raw,Siganus rivulatus,muscle
1124,Siganus rivulatus,finfish,Rabbitfish_wild_fillet_raw,Siganus rivulatus,muscle
1125,Siganus rivulatus,finfish,Rabbitfish_wild_fillet_raw,Siganus rivulatus,muscle
1135,Sorubim lima,finfish,Duckbill_catfish_wild_skinless_fillet_raw,Sorubim lima,muscle-skinless
1140,Sphyraena sphyraena,finfish,European_barracuda_wild_fillet_raw,Sphyraena sphyraena,muscle
1141,Spicara maena,finfish,Blotched_picarel_wild_fillet_raw,Spicara maena,muscle
1149,Sprattus sprattus sprattus,finfish,Sprat_wild_edible_part_raw,Sprattus sprattus sprattus,muscle
1159,Syacium gunteri,finfish,Shoal_flounder_wild_edible_portion_raw,Syacium gunteri,muscle
1161,Synodontis victoriae,finfish,Lake_Victoria_squeaker_wild_skinless_boneless_dorsal_muscle_raw,Synodontis victoriae,muscle-skinless
1162,Synodontis victoriae,finfish,Lake_Victoria_squeaker_wild_skinless_boneless_dorsal_muscle_raw,Synodontis victoriae,muscle-skinless
1163,Synodontis victoriae,finfish,Victoria_squeaker_wild_muscle_fillet_raw,Synodontis victoriae,muscle
1160,Synodus foetens,finfish,Inshore_lizardfish_wild_edible_portion_raw,Synodus foetens,muscle
1978,Tenualosa ilisha,finfish,Ilish,Tenualosa ilisha,muscle
1979,Tenualosa ilisha,finfish,Jatka Ilish,Tenualosa ilisha (juvenile),muscle
88,Tenualosa ilisha,finfish,Indian_shad_wild_muscle_flesh_raw,Tenualosa ilisha,muscle
94,Tenualosa ilisha,finfish,Indian_shad_wild_muscle_flesh_raw,Tenualosa ilisha,muscle
96,Tenualosa ilisha,finfish,Indian_shad_wild_muscle_flesh_raw,Tenualosa ilisha,muscle
103,Tenualosa ilisha,finfish,Indian_shad_wild_muscle_flesh_raw,Tenualosa ilisha,muscle
104,Tenualosa ilisha,finfish,Indian_shad_wild_muscle_flesh_raw,Tenualosa ilisha,muscle
120,Tenualosa ilisha,finfish,Indian_shad_wild_muscle_flesh_raw,Tenualosa ilisha,muscle
124,Tenualosa ilisha,finfish,Indian_shad_wild_muscle_flesh_raw,Tenualosa ilisha,muscle
128,Tenualosa ilisha,finfish,Indian_shad_wild_muscle_flesh_raw,Tenualosa ilisha,muscle
129,Tenualosa ilisha,finfish,Indian_shad_wild_muscle_flesh_raw,Tenualosa ilisha,muscle
141,Tenualosa ilisha,finfish,Indian_shad_wild_muscle_flesh_raw,Tenualosa ilisha,muscle
142,Tenualosa ilisha,finfish,Indian_shad_wild_muscle_flesh_raw,Tenualosa ilisha,muscle
145,Tenualosa ilisha,finfish,Indian_shad_wild_muscle_flesh_raw,Tenualosa ilisha,muscle
1170,Theragra chalcogramma,finfish,Walleye_pollock_wild_skinless_fillet_frozen,Theragra chalcogramma,muscle-skinless
1171,Theragra chalcogramma,finfish,Walleye_pollock_wild_skinless_fillet_raw,Theragra chalcogramma,muscle-skinless
1172,Theragra chalcogramma,finfish,Walley_pollock_wild_fillets_raw,Theragra chalcogramma,muscle
215,Theragra chalcogramma,finfish,Walleye_pollock_wild_fillet_raw,Theragra chalcogramma,muscle
225,Theragra chalcogramma,finfish,Walleye_pollock_wild_fillet_raw,Theragra chalcogramma,muscle
256,Theragra chalcogramma,finfish,Walleye_pollock_wild_fillet_raw,Theragra chalcogramma,muscle
1205,Tilapia rendalli,finfish,Redbreast_tilapia_wild_white_dorsal_muscle_flesh_skin_and_boneless_raw,Tilapia rendalli,muscle
1206,Tilapia rendalli,finfish,Redbreast_tilapia_wild_white_dorsal_muscle_flesh_skin_and_boneless_raw,Tilapia rendalli,muscle
1207,Tilapia rendalli,finfish,Redbreast_tilapia_wild_white_dorsal_muscle_flesh_skin_and_boneless_raw,Tilapia rendalli,muscle
1209,Tilapia zillii,finfish,Redbelly_tilapia_wild_skinless_boneless_dorsal_muscle_raw,Tilapia zillii,muscle-skinless
1210,Tilapia zillii,finfish,Redbelly_tilapia_wild_skinless_boneless_dorsal_muscle_raw,Tilapia zillii,muscle-skinless
1211,Tilapia zillii,finfish,Redbelly_tilapia_wild_skinless_boneless_dorsal_muscle_raw,Tilapia zillii,muscle-skinless
1208,Tilapia zillii,finfish,Tilapia_wild_fillet_raw,Tilapia zillii,muscle
1216,Trachinotus blochii,finfish,Moonfish_wild_fillet_raw,Trachinotus blochii,muscle
1217,Trachinotus ovatus,finfish,Derbio_wild_fillet_raw,Trachinotus ovatus,muscle
1218,Trachinus draco,finfish,Greater_weever_wild_muscle_flesh_raw,Trachinus draco,muscle
2012,Trachinus draco,finfish,Greater weever fish,Trachinus draco,muscle
1220,Trachurus lathami,finfish,Rough_scad_wild_fillet_frozen,Trachurus lathami,muscle
1221,Trachurus lathami,finfish,Rough_scad_wild_fillet_frozen,Trachurus lathami,muscle
1222,Trachurus lathami,finfish,Rough_scad_wild_fillet_frozen,Trachurus lathami,muscle
1223,Trachurus lathami,finfish,Rough_scad_wild_fillet_frozen,Trachurus lathami,muscle
1219,Trachurus lathami,finfish,Rough_scad_wild_edible_portion_raw,Trachurus lathami,muscle
1236,Trachurus mediterraneus,finfish,Scad_wild_edible_part_raw,Trachurus mediterraneus,muscle
1237,Trachurus mediterraneus,finfish,Scad_wild_fillet_raw,Trachurus mediterraneus,muscle
1224,Trachurus mediterraneus,finfish,Mediterranean_horse_mackerel_wild_skinless_fillet_muscle_from_both_sides_raw,Trachurus mediterraneus,muscle-skinless
1225,Trachurus mediterraneus,finfish,Mediterranean_horse_mackerel_wild_skinless_fillet_muscle_from_both_sides_raw,Trachurus mediterraneus,muscle-skinless
1226,Trachurus mediterraneus,finfish,Mediterranean_horse_mackerel_wild_skinless_fillet_muscle_from_both_sides_raw,Trachurus mediterraneus,muscle-skinless
1227,Trachurus mediterraneus,finfish,Mediterranean_horse_mackerel_wild_skinless_fillet_muscle_from_both_sides_raw,Trachurus mediterraneus,muscle-skinless
1228,Trachurus mediterraneus,finfish,Mediterranean_horse_mackerel_wild_skinless_fillet_muscle_from_both_sides_raw,Trachurus mediterraneus,muscle-skinless
1229,Trachurus mediterraneus,finfish,Mediterranean_horse_mackerel_wild_skinless_fillet_muscle_from_both_sides_raw,Trachurus mediterraneus,muscle-skinless
1230,Trachurus mediterraneus,finfish,Mediterranean_horse_mackerel_wild_skinless_fillet_muscle_from_both_sides_raw,Trachurus mediterraneus,muscle-skinless
1231,Trachurus mediterraneus,finfish,Mediterranean_horse_mackerel_wild_skinless_fillet_muscle_from_both_sides_raw,Trachurus mediterraneus,muscle-skinless
1232,Trachurus mediterraneus,finfish,Mediterranean_horse_mackerel_wild_skinless_fillet_muscle_from_both_sides_raw,Trachurus mediterraneus,muscle-skinless
1233,Trachurus mediterraneus,finfish,Mediterranean_horse_mackerel_wild_skinless_fillet_muscle_from_both_sides_raw,Trachurus mediterraneus,muscle-skinless
1234,Trachurus mediterraneus,finfish,Mediterranean_horse_mackerel_wild_skinless_fillet_muscle_from_both_sides_raw,Trachurus mediterraneus,muscle-skinless
1235,Trachurus mediterraneus,finfish,Mediterranean_horse_mackerel_wild_skinless_fillet_muscle_from_both_sides_raw,Trachurus mediterraneus,muscle-skinless
1264,Trigla lyra,finfish,Piper_gurnard_wild_muscle_flesh_raw,Trigla lyra,muscle
1266,Umbrina cirrosa,finfish,Shi_drum_wild_fillet_raw,Umbrina cirrosa,muscle
1267,Upeneus moluccensis,finfish,Goldblond_goatfish_wild_fillet_raw,Upeneus moluccensis,muscle
1268,Upeneus parvus,finfish,Dwarf_goatfish_wild_edible_portion_raw,Upeneus parvus,muscle
